-- phpMyAdmin SQL Dump
-- version 5.2.1
-- https://www.phpmyadmin.net/
--
-- Host: 127.0.0.1
-- Tempo de geração: 24/06/2025 às 03:55
-- Versão do servidor: 10.4.32-MariaDB
-- Versão do PHP: 8.2.12

SET SQL_MODE = "NO_AUTO_VALUE_ON_ZERO";
START TRANSACTION;
SET time_zone = "+00:00";


/*!40101 SET @OLD_CHARACTER_SET_CLIENT=@@CHARACTER_SET_CLIENT */;
/*!40101 SET @OLD_CHARACTER_SET_RESULTS=@@CHARACTER_SET_RESULTS */;
/*!40101 SET @OLD_COLLATION_CONNECTION=@@COLLATION_CONNECTION */;
/*!40101 SET NAMES utf8mb4 */;

--
-- Banco de dados: `gestao_medica`
--

-- --------------------------------------------------------

--
-- Estrutura para tabela `agenda_consulta`
--

CREATE TABLE `agenda_consulta` (
  `id` int(11) NOT NULL,
  `codigoPaciente` varchar(255) NOT NULL,
  `codigoMedico` int(11) NOT NULL,
  `horario` time NOT NULL,
  `data` date NOT NULL,
  `status` varchar(255) NOT NULL
) ENGINE=InnoDB DEFAULT CHARSET=utf8 COLLATE=utf8_general_ci;

--
-- Despejando dados para a tabela `agenda_consulta`
--

INSERT INTO `agenda_consulta` (`id`, `codigoPaciente`, `codigoMedico`, `horario`, `data`, `status`) VALUES
(2, '39664201987', 379821, '13:30:00', '2025-06-24', 'Pendente'),
(3, '45678901234', 789321, '16:00:00', '2025-08-10', 'Pendente'),
(4, '23456789012', 321654, '09:30:00', '2025-07-24', 'Pendente'),
(6, '67890123456', 574830, '08:45:00', '2025-06-24', 'Pendente'),
(7, '89742398478', 789321, '13:49:00', '2025-10-26', 'Pendente');

-- --------------------------------------------------------

--
-- Estrutura para tabela `agenda_exame`
--

CREATE TABLE `agenda_exame` (
  `codigoExame` int(11) NOT NULL,
  `codigoPaciente` varchar(255) NOT NULL,
  `codigoMedico` int(11) NOT NULL,
  `data` date NOT NULL,
  `horario` time NOT NULL,
  `preco` double NOT NULL,
  `codigoAgendamento` int(11) NOT NULL,
  `status` varchar(255) NOT NULL
) ENGINE=InnoDB DEFAULT CHARSET=utf8 COLLATE=utf8_general_ci;

--
-- Despejando dados para a tabela `agenda_exame`
--

INSERT INTO `agenda_exame` (`codigoExame`, `codigoPaciente`, `codigoMedico`, `data`, `horario`, `preco`, `codigoAgendamento`, `status`) VALUES
(1, '89742398478', 379821, '2025-06-25', '13:00:00', 200, 2, 'Realizado'),
(2, '12345678901', 123456, '2025-06-25', '14:00:00', 200, 3, 'Pendente'),
(5, '12345678901', 456789, '2025-06-24', '15:36:00', 150, 4, 'Realizado'),
(4, '39664201987', 123456, '2025-07-19', '14:23:00', 178, 6, 'Pendente');

-- --------------------------------------------------------

--
-- Estrutura para tabela `endereco`
--

CREATE TABLE `endereco` (
  `logradouro` varchar(255) NOT NULL,
  `numero` int(11) NOT NULL,
  `bairro` varchar(255) NOT NULL,
  `cidade` varchar(255) NOT NULL,
  `uf` varchar(2) NOT NULL,
  `cep` varchar(9) NOT NULL,
  `id` int(11) NOT NULL
) ENGINE=InnoDB DEFAULT CHARSET=utf8 COLLATE=utf8_general_ci;

--
-- Despejando dados para a tabela `endereco`
--

INSERT INTO `endereco` (`logradouro`, `numero`, `bairro`, `cidade`, `uf`, `cep`, `id`) VALUES
('Dom Pedro II', 5234, 'Ronda', 'Ponta Grossa', 'PR', '52034-321', 19),
('Rua da Trepância ', 69, 'Central', 'Rio de Janeiro', 'RJ', '74803-279', 20),
('São Josafat', 177, 'Nova Rússia', 'Ponta Grossa', 'PR', '84053-310', 22),
('Praça da Libertação', 543, 'Centro', 'Porto Alegre', 'RS', '85033-012', 24),
('Rua das Flores', 123, 'Jardim', 'São Paulo', 'SP', '47912-838', 25),
('Avenida Brasil', 890, 'Centro', 'Belo Horizonte', 'MG', '56617-934', 26),
('Vitória Régia', 456, 'São José', 'Recife', 'PE', '62934-213', 27),
('7 de Setembro', 777, 'Vila Nova', 'Porto Alegre', 'RS', '51689-323', 28),
('Rua das Palmeiras', 321, 'Centro', 'Salvador', 'BA', '57198-238', 29),
('Avenida Atlântica', 159, 'Copacabana', 'Rio de Janeiro', 'RJ', '57182-039', 30),
('Santo Amaro', 200, 'Bela Vista', 'São Paulo', 'SP', '62134-123', 31),
('Avenida Nossa Senhora de Copacabana', 450, 'Copacabana', 'Rio de Janeiro', 'RJ', '62378-004', 32),
('Rua Goiás', 785, 'Funcionários', 'Belo Horizonte', 'MG', '57189-023', 33),
('Rua Padre Valdevino', 120, 'Aldeota', 'Fortaleza', 'CE', '62341-233', 34),
('Rua Marechal Deodoro', 65, 'Centro', 'Curitiba', 'PR', '61234-133', 35);

-- --------------------------------------------------------

--
-- Estrutura para tabela `especialidade`
--

CREATE TABLE `especialidade` (
  `id` int(11) NOT NULL,
  `nome` varchar(255) NOT NULL
) ENGINE=InnoDB DEFAULT CHARSET=utf8 COLLATE=utf8_general_ci;

--
-- Despejando dados para a tabela `especialidade`
--

INSERT INTO `especialidade` (`id`, `nome`) VALUES
(1, 'Cardiologista'),
(2, 'Neurologista'),
(3, 'Pediatra'),
(4, 'Oftalmologista'),
(5, 'Dermatologista');

-- --------------------------------------------------------

--
-- Estrutura para tabela `exame`
--

CREATE TABLE `exame` (
  `id` int(11) NOT NULL,
  `nome` varchar(255) NOT NULL,
  `preco` double NOT NULL,
  `orientacoes` text NOT NULL
) ENGINE=InnoDB DEFAULT CHARSET=utf8 COLLATE=utf8_general_ci;

--
-- Despejando dados para a tabela `exame`
--

INSERT INTO `exame` (`id`, `nome`, `preco`, `orientacoes`) VALUES
(1, 'Eletroencéfalograma', 300, 'Necessário que o paciente fique um tempo acordado previamente\npara que o exame seja bem sucedido. Serão colocados eletrodos\nna cabeça do paciente para que sejam gravadas as atuações do\ncérebro e dos neurônios durante o processo.'),
(2, 'Hemograma Completo', 200, 'Jejum geralmente não obrigatório, mas pode ser exigido conforme outros exames. Coleta feita por punção venosa.'),
(3, 'Glicemia de Jejum', 100, 'Jejum de 8 a 12 horas. Evitar esforço físico antes do exame.'),
(4, 'Exame de Urina (EAS)', 150, 'Usar frasco estéril. Fazer higiene íntima antes da coleta. Utilizar a primeira urina da manhã (jato médio).'),
(5, 'Raio-X', 400, 'Remover objetos metálicos. Mulheres devem informar se estão grávidas.');

-- --------------------------------------------------------

--
-- Estrutura para tabela `medico`
--

CREATE TABLE `medico` (
  `crm` int(11) NOT NULL,
  `nome` varchar(255) NOT NULL,
  `codigoEndereco` int(11) NOT NULL,
  `telefone` varchar(16) NOT NULL,
  `codigoEspecialidade` int(11) NOT NULL
) ENGINE=InnoDB DEFAULT CHARSET=utf8 COLLATE=utf8_general_ci;

--
-- Despejando dados para a tabela `medico`
--

INSERT INTO `medico` (`crm`, `nome`, `codigoEndereco`, `telefone`, `codigoEspecialidade`) VALUES
(123456, 'Rodrigo Vieira', 31, '(11) 99789-4561', 1),
(321654, 'Camila Bezerra', 34, '(85) 99876-1122', 4),
(379821, 'Henrique Ostrufka Maximiv', 19, '(42) 95674-8933', 1),
(456789, 'Felipe Martins', 33, '(31) 99567-3412', 3),
(574830, 'Janaína Bastos', 24, '(55) 99543-0112', 2),
(789321, 'João Henrique Costa', 35, '(41) 99777-8899', 5),
(987654, 'Ana Cláudia Mendonça', 32, '(21) 99888-2233', 2);

-- --------------------------------------------------------

--
-- Estrutura para tabela `paciente`
--

CREATE TABLE `paciente` (
  `nome` varchar(255) NOT NULL,
  `foto` blob NOT NULL,
  `dataNascimento` varchar(10) NOT NULL,
  `sexo` varchar(255) NOT NULL,
  `codigoEndereco` int(11) NOT NULL,
  `telefone` varchar(16) NOT NULL,
  `formaPagamento` varchar(255) NOT NULL,
  `cpf` varchar(255) NOT NULL
) ENGINE=InnoDB DEFAULT CHARSET=utf8 COLLATE=utf8_general_ci;

--
-- Despejando dados para a tabela `paciente`
--

INSERT INTO `paciente` (`nome`, `foto`, `dataNascimento`, `sexo`, `codigoEndereco`, `telefone`, `formaPagamento`, `cpf`) VALUES
('Lucas Andrade', 0xffd8ffe000104a46494600010100000100010000ffdb00840009060712101215131312151515171515151515151710151715101515181615151715181d2820181a251d151721312125292b2e2e2e171f3338332f37282d2e2d010a0a0a0e0d0e1a10101a352620252d2d2f2d2f2d2f2d2d2d2d2d2d2d2e2d2d2d2d2d2d2d2d2d2d2d2d2d2f2d2d2d2d2d2d2d2d2d2d2d2f2d2d2d2d2d2d2d2d2dffc000110800a8012c03012200021101031101ffc4001c0000010403010000000000000000000000050001040602030708ffc4004410000200030504070505060601050000000102000311040512213106415171132232618191a1074252b1d162728292c11453b2c2e1f0233343a2d2f1152444546373ffc4001b01000203010101000000000000000000000304000205010607ffc400311100020201020403050901010000000000000102031104210512314113225114326191a142527181b1c1d1e1f02315ffda000c03010002110311003f00e58f0c8b13edf67a18cac7237986a16294720ec5cac29b3362131bad16c9bb38a47562b1773e06148e95760c480f74394f2ce3868cdbe52e6ca29569b95d3746dbbef49b673be2fc6ce0eb153db2b5d9ace953db3d951a93fa0ef85754a305b770ba6729cb1e845da2dbd7590513298e281be05dedcf87f48e533e65637db6d25d8b1d4ff74884c6118c231f74d54dbea3130a1a1c442c64823a5fb28bafa47672322427e1518dff009639bc911ddbd9358b05943919904fe7627f842c0ed7e5095adcbc4f90b31191855594ab0e2ac2847918f32df977359a74c92fda96e50f7d346e44508ee223d3f1ccbdaf6cc998a2db2c54a00b380df2c7666785687ba9c2295bc3c169aca00fb1f9a3a67967306869c415653f3104fda0ec496266ca1d6ddc1c0f749dce3713afcab1ecd2d5d15be503a39c1e24823e47ce3bdcc94181561507506393ca9651d8ef1c33ca968b3b212181041a1041041e04447223bb6d96c3a4e0580390c9c0eb2f730f797fbca390df571cdb3351d723d9619ab723c7bb582c66a40e50680f1924b26a40d054f70a815f323ce11489f724f12e721600a9385c1d0cb718581f027ca2eca2071118c1fda6b8cd966659cb6cd1be6a4f11ea201308e279dd1d69ad868421428e9c33971d73d92a7fe9e69e33e9e52d3fe51c9254763f65c986c64f19ce7c9507f2c677147ff0fcd0c69979ce4f78b56639e2cdf331b2e8bc6659e62cc96d461e446f561bc188f6b3524f7988ea6346b6d6302d349e533bd5c77ca4d969354e4c331f0b68ca7918b7d9ed2b316382ec4de204c1259b0acc230926804d390af0ae9ce91d565d96d12c500306d4daec71927868574fa755a945f42c4f6700c43bcad2a168220c933c76eb10add5ac1f4f5d97c939f442d7dd55107c9bb64568404600c660c6f9e77393628876d2195e3239c5248246582937e4eabd2224b9048ad227deb65267538c59eedb9d44b151189a9ba346c6e515bb964a25b2c647684460948e91b47624697403ad1cfe7ca2a686174925841ed4f3962b28eb08e91744c612c754e91cf2c1db1ce3b1dc7325f44ba6904536ba32b0697587315fbd6f2b4229126ce6636e2cc8aa39d4d4f2cb9c72ebdee9b7ce985e6ca7663c30500e0003908f41f472db84699b75cb6dc2393729f561a16d317bc1a3ce8365ed67fd07f1c23f581778d81a43147a061a806b4af18f416d3485b1d9e6cfdc8a481c5ce4a3c49023cf76eb434c6666356624b1e24eb016b030a7096f06448702146c9637c54b9b2488f48ec459ba3b1ca1f647a00bfcb1c3769ae8fd96d3d0f09567cf4ab348978cf8be28f41dc898644b1f66be649fd6016be81ab5d49f48c1d0104100820820e608391046f11b043180973876da6cbccbaed0b3e48264970f28e7fe1cc071744c786591de3bc18ed160b5ace969350d55d55d7eeb0a8f1ce15bac72e7cb6973143a30a329de3f43dfba01ecb5826584b59198bcaab3d9a61d709cde4b70607ac388248d081772e6457182c948037e6cdcbb42b0c2b9eaa7b2dff13de20f830c6285cf3f6d4ec54cb3966960951aa1eda0fe65ef1fd62a2ab9c7a7ef3909346022afba9aad7793b87ce99031ca76d7621958cc96063d4aa8a2b8de5783711bfe66859d983957dd12e5d805b2ef94cc0b2ba00580cd27a554e672ad54f9911cbef2b13497696e28ca687f423b8eb1d9fd91bf4b629b25c5424e229c15d54f9e20c62b3ed36e029fe2019a7558fc5289eab781f9f74722f96583b25cd1c9cc690eab1b19208dc5753daa72494ed31a54e8aa33663dc067069494565814b2f088d64b23bb05556663a2a82c4f80ce3b0ec54b367b0aacd065b03318870c9916246a29a522c1b37b3d2ace825c95032ebb903139f898ef3dda083169bbca8ea9c4490a1694c4c77573cb79e0013183a8d4cb54b9611db3f9b1dae11ab793dcf31ce11a5563b7ed8fb39b314337a65b3ce3a0a0125df523001881fb439911c6ad16732dcab0a1068446fc73859d988fbcb2ba7a963b16c3da6622cc579185d5585663570b0a8a8c1ae71d33636d76f901655a5a44d940503f48e66a81a0ec51c7320f7c547652f74fd9915b54aaf80355f423ca0c0bca51de445674d925fd178ce95d727495b64b7e1116db60498328a2cbb67c3320858afb75201ce242dba979293d25172c27f332b6594a1a4698b1cf93d2a62df0127598aeb1e8f49a9f1a09bd99e4f5ba754dae317923031be518d2563621a436fa0a45ee0eb459ab34341f9072103a78ceb1b56d61452b1e4789a6eec1eab4125e1221ed75bfa37384453591a6d5a9177b6c8e9eaacb9f180f66b9274a2461254c7632ccb766a4a50f0f931b95a45a18b9dc3629b316a1c881c9713e3cd4d22cd77b7454021faa956e4c3b351669fdd34cefda64fbd58ca46d1cd4ed083eaeb3450eb02adf76e1a9a544123a683d9bc32478c49ed64132bbed236804fb0141913365d790ab7cc08e3934c74adbbb521b36003add2af900d58e693612b22e32c334613ae6b9a0b0998082b70d9fa49f253e39b293c19d54fce05458b6296b6db2ff00fbcafe3102611176f6b56122db226fbb325aa7e29730d7d262794755ba8ff832fee2fca2abed4aee336c5d2a8eb487137f0765fc3307f0c1ed9f4579086adbfdf9bc491ef70221693ca4329750c561468e808d1dc0e1553eac09f58896eb6b49d41238d0509e150453ca2874270c47f7df03acb7c4a7a55b09e0721f98e50441884c0f112f2b589484d403a0df9f70df12e205e97709c0674615a1e7a823c221004b6f9b31b04beae23bbb44ef666fa5321071aec532ba36353ae2399c7c7fbdd185d57589352482c72a8d02f011baf3bce4d990cc9d30228de77f20333e11c48eb643b9ae812264e70a17a61299c0fdf2e357603bfaa79931a76b6ed59d24922b405587196d91f2d7ce02da3da85854d02ce61c42a28f26607d20b5d1b5d62b6f512680cd97473014635dc2b931e44c5dc65d5954d1c56e7ba07ed6f67982a30cc53e02aac381d088bcfb3cd9c36633a63d0b13d1a1cbfcb1462c399a7e582c9b3405e12e653299669e8c7ffba5baa86fcaebf960bddb2f0cb51cc9e6c4b7eb08f12b9aab0bb85a20b9bf009d8270439e860b5da43cc67a8a2008bf7d806734ee52801fb4c200889dd274563671fba99307360587cc7940b842729bcf4481eb9f2a58eade0a5ed75e8b699b8d493da15dc25d7a817c0623dec7808e7fb5777e35e954759726ef4e3e1f28b1bc6a750c083a1041e4728d0f11f3731e97d8e1ecfe0f62abb1c826cf5905d504d214335681fdd196f3a73223aa4bf6723deb49f0963f578a925c7679aaac646134cccb6c198c8e4081a83ba2db22f29ca00e9a61a002acc4934e277982cb5b34b1178f91e4a5a48f36648856df67ee819a5da2b4202aba15c6c694008634a9200ca35ddf75ce9137a3b48a7c2c0d5580deadbfe707ecbb44c9fe6d1c6ead1483ce9137ff003d659d459aa295a82e1597169507718ed7ae97dbdc1dba4cc7107827d9540500440bc6ca5ce504a659c8c2656103de524d0a9d18100d08f23588b69b4b0ad11cd091d8994c8ea0d28477c69e9b55093f2bc3f89e7b55a1ba1d567e28126eb68873ecacbac17976e2c69e71b2d8a0ac69c6e9a7b99725d8ae5a4e15ac54ed56d62c69a45b6f7974431489d3829223375ae31b398f5dc0f433d456f9b648ebfd12f0112acd35464408a8ff00e55cc6fb3de0c758c774cdee87172f72ebd14b6dc2225aae546d2215db6b2c287582367b5d0d0c2eafba896cf0727a6858bd4aedaac4f24d4691becb31a702b4ce2cf325acc19881cdd1590177ad3705567663f0aa28258f7011af5f145657892f31953e1a95995d0e37ed46edfd98ca07572ed4ee5007f3450a4d8264d0e510b096a5dc8d1106f2774764be764ed37bda0daad67f6692a30499230b4de88126ad4aaa3126a753ba99469b5582559acb68912568ad2a603bcb1284558ef316ab37cb1df01ec9ad3c1617738b110676566e0b559db84f924f2e916be90226c6fb1cd2a432ea0823ef0cc4098da67aa27c8575646155605581dea4508f23103676c4d225094dee5101d712a0c28fe28109fb58a26586d4b3a5a4d5355745753f65d430f9c6e6600549a0199272000de4c26366518ba820820107507788e7f78edb5a6d535a4dd927a4c3da9c454731888555e058e7b842c7b412863224cee283a1c54dfd9c3e84c5b9195e6411be2c5d0be5d96cd7f51e112b67af060e2531aab570d7dd602b41dc403e34e302df6885b25852865cd463d24b60cae869a15615a1ae47bb769122e490664e5e0a43b1e0174f334f581358780bd517410f0c21e2c50c5eb4cb5dd5d2b1427b8def6b419b38b2d925b1596b9ab5a19490d33eca56a01e1a52a49bf111a48c002a26400000c20281901cb903164f071ac91ac573d9e4ae19522520fb2899f7934a93de606df7b1d63b5838a4847fde4a011abc4d051bc418276469ad883e114661955aabaa9ae4342069ba325b27598b12c0d0d0934c5a35545148a05d47189964c02f676c568b393267b09e8a3fc19fef804f5a5cc077e841a9ae75dd0f2570803865075140140001c06420261c2587db7a722e48f42233389acc13f887a3a8e4c4cbdcff00e81e9a7ecf972c022256274d9026d8da5834ac869753b98294a93dc445f823de71f82fdc5f883e575cbb27fc1cb261ce055b6f5c0d854034ed7d046bbc6f7ca89a9199e07781df01067de7e6634614f791e96ed5a4b107f997db970994ae0768b9ad33a198c441188b77c8e8e5a26f5500fdea667ceb1261293dde0c193cb6cc1e611b8f3143e9ac6b6a1dc0f2c9bfbf18d8cd4dc7c33f48c7261b8f0ffb888a922e8b5740e197302bd4270eea5010321e062d166da796c68c8c9e4c3cc4534caffa39e7cf58d88c77fa1ac77271c533a04b9f267e8558ff00b872ae6221dbec3a9c7814680e27a9240038835ca9d626a22913666edfc0d457911bfe5136eebf26c922ac5d46e6cc81dff51f583557d95ef162f6e96bb3de8a604db2b44eb3b6098b86a2aa750c3b8f76f8a6e077eb476abeeeeb3deb67098c2b76a5b645a5befcabd6046446fc8ee100e4ec519002555f7e2ae1f43ca1b85eacde6f718b7572aea51ae3d3d0229654a650f65b3d0d2245a65f44691b94839c36a49ad8c9794f732b3cbc0c227db64d407111926413966ab0adf4f881216b83c98ddd69c42245be5e243ca20495c2f48275ca315a75c9af41e9e249497739edaefd790cd2deb4dd00e65ed2e62b827556f9183bb6b61a9c423965e329d4919e7f28dfd0de94731eac4acd2bb3de59480126cc6632a8d4903fac10b9aecc76b97218e4d3925b11f0970091e11b2cd28a76467c637ddb35a55a9276124cb6498471c247d22f286db05507d59e81baa42495e810615961422d49a4a23ab99cf50cbf8603edcace9d2e5d92464d6872aedb92ce8314c63dd9a8efad37c16e90565cd53556016bc55e8659f3a0fc6627802b5a67a577d0d2a3d079467e70f236d6d820dc773cab1c9593285146649a6277deec7793e99019410a42878e67270117d5ccb3c870009aa080da12875427854547080964699659a199481a38e287523891a8f11be2dd326aaf6881cc811185e32d8d1314c3c25ab3fcb2898c96ce097ae869e598f18ceb11c25a5fb1230f0335d5478aad488de9734f6edcf0a3789483d1dbe91755c9f604ec8aee226233dbe5834c60b7c2b566f25ac1195b3f2466c1a69e33199bfdb92fa4129121258a22aa8e0a001e91754beec1bbd762be04e7ec486e7308963cb36f4807b4d22d0aa15a753121386582a011b8bd711dda523a0454f6f05150fd999e81608aa8a28ee9326235403c738037f5b56438c409c62a294d5681b5fc3e707a58a00380022bdb6c80c953ef07a8e584e2f4f50233f5152b20d31dae5860a9db423dd43f8881e82063deb326565b31c22acaa325a1356cb79c449cfe21102b1830aefa11a11ba13d0d91d3dbcd8dbb97d5d1e3d7cabaf6025ff7530733114956cd80152adbcd06e3af71ac36cc583a499d211d543977ccdc3c35f28b04b677c8507dbe1c94ea7c69c781992a585141fd4939924ef278c6bea7510947fe6fa8b69a57c61e1d8ba6c6d10d8c695cf84356354d6033209ef02a47ebe519e1cde4c618456bbffbd78c6a0d5cd4d7b8fcaba8f58cd1abb88ee3130433ac60f33c46fa6be5be1cc6a6cfb8fa1fac4441a63545451870dfcc1e31856a3790378ed2fd7fbd61c21d7b27cd5bc3fb3ce32caa2b9353d3857788b10ce5cc65ca80efa8cabe1b8fa728b148da87c2014534cb3c55f1cf58adcc407f42351080e201efca39938d17dbd25065ef80d25c8ca25ace2c738cd6cf9d6366a58463df3e67942b2b1df062ccf10acf642627cb91862f6dd5c16015719cb735b9ebc4cc5944655ce339af411e73516294dc91b35c5f2a403bfacc666822ab6db956bd6022f32df324c53b6a2d757ea98d6e156394791ad85b51983e68c8aade575894dd519445fd9f7d332057c3fee0a34e2758c7a58d6f648923c52d8ac16ed85bc84e906cefda9428389927b2477a9cbc162d7659d8973d412adf78647c0ea3b888e5762b69933166264ca7c08dea7b888e8576de92e7289a87aac42cc075973345c5e82bbfabba33f55a775bcae8169d42b739ea49bc27cc57961595519b0b315c4549d37d3fea0a4bd9e24d665a26b0f8570cb1fed15f58856bb389a850e55d0f061983e705eedb7e29419c85651866d48a2ba8eb1278114607830302a945adc97392e83c9b86ccb9f42a4f17ab9ff7d6279c28bb95472000fd2396ed77b5e972b14bb1289ac32339ebd18fb8a337e66839c727bf3696d56c6acf9ef33ec93441ca58a28f0107d900e56fa9e84bdfda1ddb662435a55d87bb2434d35e04af547891150bc7db54b1fe4591dbbe6baa78e140d5f311c96edbb264f2280804d2b426a7828df179ba761a942c02f7bf5dbf28c8455cf0335691cb7ec3dabdae5e533fcb4928376196ec7cd988f481768f68d7b1d6d0ebca5491fc91714d9497be639e5807a106309bb269eecc61f7803f2a4579c67d8a3ebf42903da45e9ffcc7fc923fe104ae1daeb7dbed567933a7748a6600414943a9da999aa8f75632beb658a825d032fc6bbb9ef1e39414f65db3665ce99686cd557a39478bb50b9e61683f19e111cf6036699c0e9d58a96d5db03385ae480d7ef1ccf9003d60edef7889095f78e4a3bf89ee11419934cc639d45733f13d73f007d7918518482ee56b682f56b294a2060e1880495c34232d0d726115e99b4b399949a2ad412aa298941cc12733a522d1b5f7619e8854f594b52bbea01a7776623582c2a24a23a034515040346399d7bc989185515cd8dcace536f19d83d2ade84022b4201195323a4642de9f687e127e503654a0a005140320068077467dd027147422b3d1b46cf8548f48d984f1f3a44295609afa4a73f8580f339410b3dcb691a00bdcccb4f215a40677551eb25f32ca2df6343509ceaadb8f1e477f23e51ba5d699d2bddfde50412e5987532c71cd8e7f9446e172b7c63c89fd4401eb685f6bf52de1cbd0170c4416ffc29fde0fc87fe51835c8fba62f8a30fe68afb751f7be8ff00827872f405c613101143fd41e20f18286e699f121f161fa18c1ae99a3e13c9bea045d6b297f689e1cbd0172c9d0f9ee23f43dd1b2244cb14d5d65b7851bf84988ec6991c8f0391f23068d9197bacae1aea5a24b41ab24aae7002c47ad48b2cb98157587e17793610baa5937d4088f326126823589d88c6e4a0842eba2b6cee5abadb666a28220dbad341195aed4008128c673e5a084a1176c94223ea3cab9985aea50ca6bbe2bdb4b711ae25116c9567c2b946c5a30ce356b9cb49624ba0859156c5c91ca265dae3dd31a1ac8c3718eba2c687dd11a275d32cfba23d0475394644b28e48d248dd11e4db264999891a848a11aab29d5594e4c3b8c7559b714a3eec54369767ba360ca328bcac525864aac7cdb160d97be1a6a849993688d5243aee049cf18efad40ad49ac36db5c936d766759330ab902a80d1672ad4896fe26a0f1d728857558d5118b8570a85ba3268cc695046fa8a65dec0d6a044cb0ed0aab74731aa05009bc7755f9907adc35e2712c928d8f94dd865c70ce096a96cac558104121810410c0d0820e86086cddced6a9c100cb53cb9ee11d876bf62e4de03a44225cea0a4c19acc14c8381ae5a30cf98ca04fb3dd97b459e64e973250573870b964c0cb9d709d4e8341c2b482a9f322423152f3740d5d1744bb3a80a33a50b533e4380ee823483722e15f7dd8f7251472a9a9f2a410b35db2259aaca5a8d19aaedf99aa7d63aa0c627ad82da2b255e54a2fd9566fba0b7ca240bb671ff49bc4a0f998b634c001272035272007381b6abcab94b188fc67b03bebeff865de23ae297503ed9649f9515fb4d866290ac83ad51da43d5f7988ae9f5037c6c67956494001455c9546acda9f127326326b7a0a90c66b9d48cea468310ea80380d33ca005b6c332d0d8a6cc007c2a09cb854e83c0d633b51ada6b78720ebc49af301ef0b63da1c92723a91c3e15e03bff005cc61225e2c905699514569dd96907e5dd5286a98beff587e53d5f4894f31506642a8e2428f58cbb38aae908fcc2aa8afb5cb3260a1017306ac47c85636c8d9851db984f7280bea6b13a75f9217dfc5f7413eba7ac419bb4cbeecb27ef103e5580bbb5b6fbab1f963f50f1d24a5d224e9372485ff4c1fbc59bd09a7a44e9729572550a3ec803e51579bb4734e8117c093ea7f488736f89edacd6f0a2ff000d22bec3a9b3df97cdb6331d0cfe08bbc33381a9039d0473f7b4bb769d9bef3337ccc6aa8e0208b853ef2fa7f619681f767406b64b1acc41cd97eb1acde527f7b2ff003afd62878a1628bffe547ef16f605ea5e4def207fac9e6212def20ff00ac9f9808a362858a3bff00950fbcc9ec0bd4be0bc649ff005a5fe74fac6e973d5bb2ca79107e51cf7146240de079455f095da5f438f41e92fa7f674730d140956b74ecbb2f26603c81a189897ecf03b75e6a9f480cb85d8bdd681bd0cfb3315bcdc1ad60958ef77634262b027c6e9135ab9030eca736b066bd3c59d1ac96a14856abcc28d62af6479ce28aa609592e77735987c203568ae93cbe8564ebafa98ceb53ce345069c62c970490a29be1acd6354140237c84c2d1b7a5a2bae3b7533751a894de3b0619061303d0d2b12ccceac409d342885b5d665a2da75b326591ab121e9016cd6f97f18896b6953a3083d75ddca9e45a6ebcb46f619c02da820851df04a65a40f78798af9402bc99a63834254721f3221886b230972dad2fc5a04f4d9c4a0b23cd632e53330aa129451c57366aeeae4bc85629535c8c67ed28f021465df998b9da313c9c0a30126ac49d77119577611e1021ee12dacc03307b24e86bc4708cbb75d473b7cc6b5754b1d087775e732ce42cb6a2d09c0455351bb76bba9162b2ed3ca75ff150af1cb1af3d2bdfa40c5b8b8ccf25a7eb191b8c7c67c547d606b8952bbfd184f064586cf7b486ec5a6878748e29dd81cd072a44b16b27ff0072c4773491ea16b145bc6ec645c470ba8cc9a7647120d72e27772a98cee8bb44ceb30a203400546261afe11a779af0cd87c460abe74f629e06f8c16cb45a92bd5066b035c4eccea878866273ee5f1a4699d30bf6cd470dde5f5ac6b02900af4da00b5595463bdcf64721ef7cb9c63d9aad46ae5cb1e9feeac729d365e228373a7aa0c4cc14716200f3301ed5b492d72452fde7aabeb9fa45627cf676c4ec58f1274e5b80ee11ac9866ae1915bd8f3fa1a95e857db615b4dfb39f460a3828a7a9cfca06bbd4d4d49e24927cce71ae1468574c21eeac0ec2a843a232c50d586850409b0f586850a3a4142850d10991cc2868558870786850c62107850d586ac420f58558686884352591d5f319562fd72d965328c85604d018dd26714cc467df73b374b079286cf0d976b1c945d008db32cf535115fb05f4a722738312adea77c128d6b82e5900bf4b26f289c9668cc002221b78e3112d5798190cd8e83ea7708ed9ab8f540a3a6977085a6d000cf21002f29cd34154f3390faf90862ecd9b3623e40721bbe7df1aad16a4962aec1477efe437c65d9aa729795658f574e1601766d9d00e29935dbb97aa3cf53e905a55951345f325be7016d3b4ca3b085bbd8e11e0333e6040cb45fd3db460838281f36a9f2a419c75b7fbd2c2fc70be4bf81aab87beaa3f3ff64b9d6234ebc64a64d3501e0596be51449f399fb6ccff007999bd098c03532d23b1e17f7a5f243b1d03fb4cbabdfb207bf5e4aff488efb492868b30f209fab454b142ac1970ca9756c347430f89693b4c9fbb6f3589777df72e71c39ab1d035287911fd229758c91c82083420820f023307ce24f86d4e3e5d99d9e8e18d8e88457fbdd10ee850b29547bb897f12bb2b7a831bacd3c4c4571ef283caa348d361c9a6af09848e4eaae7fdccd18986a2e3fef4fdcc96b720ed4dad911514d03e2c5c68b4cb91afa455098b26d72f5659fb4cbe2c01fe4315a8dde1c9782b1f1363478f0c50f18d61563406c7850d5868843285586ac2ac420f585586ac356210ca1ab18d634cdb5a2eac3cea7c84752c95724bab245615623c8b487cd41a712283c2b998d94898c11493dd193381bc4363e7e461010a384dc6c7cfc8c3e2fee861428e906c638c3d619a30e8c778e448f4063873732b1ed18df0624ded2dc6b1467b1b2eaa446b04ae860f2d2532e9b1e2dc3511df19fc0bd4d6a9aa9827609a48edc73b9379cc5df04ac97e77d213bf874f198b0d4eb397cb33a3cab3b1f7e1cd9ba360f8abd5653dd88a9af2ea7ac53655fcdb9a24d9ef4666188e519eb4d2cf2cb61c72caca616be6fc32cf472e98b7b1cc0a8ad00de69bce5ce2b73a7b31c4c493c4e6609ed2aa929357465c2df7d743e23f8602d61da34f5d71f2fccd7d1283ad492dcd98a1ab188855860770650a31ac3d62107850d58558841e1c18c2b0e0c4216dd96b46296c87dc6cbeeb663d714115349c7ed4b5239a3107f8d62b7b2d3e934afc4a7f329a8f42d160b51a4c92dc59e59ee0c85fe72d478c79ed5d7cb7c97aeffbfea61eaa3cb63ff7523ed2cbc5218ef52ac3cf09f46314f317db6c9e925ba7c4acbe6291400d515e30ef0b9791c7d18ee865b343c2ac635851a83e6558558c6b0ab1086558626235aad892c758f20353e1016d57b3be4bd51ddaf9fd22f1ae5217b7530afaf50eda2d689da603bb7f940d9f7cd7b0be2df41014124c5dbd9fec3b5e24cc984a59d1b0b30ed4c60012895c86a2adbab419e8cc685dcccbf88c92cf440ab92e9b5de33304a05be26270cb41c5c8c872cc9e1072f6d9eb358cf400f4f387f9d30e4887f752d38f166ad341435a751be6d12aeab1e1908b2fdc928065d2119bb5736a0ab127334d738e46cdde4e64927324935249de492493df12d9282c203a08cf553764fdd5f563690ab1aa7cdc2311d052bc89a5636030a1e8135d07ac2ac3428e1d1eb0ab0d0d588707ac286ac28842ed785cf2ca938469151b1ecd74ccc699572850a37675c5b5947c8f4bacbeaadb8c9985bb641d7b3002d3763a1a1530a142f6d6a3ee9b7c3f5d65ef96d49984bb34c0743162bb6c2ec2b9c285086a573472cd44fc392e52c975ddeb3d0ca63424647836e31599f2991991851949523bc1a1850a0514b94d2e1d6cbc6943b632635850a1470db142ac2851082ac2850a21050a142887497764ec1365b707507eeb755bd18c5cedbd8afc255fc118311e2011e30a146371158b20ccad72f32fc0906285784ac135d7831a72398f4221428a70c6fc46be07344fcf8f8118c62ee06a40e640850a3762b2f069ce5cb16c873af496bbf11fb3f5d207da2f973d9017bf53f486850dc6a8a322cd65b2e8f1f8031dc935249275261a1428289b619d9eb9dad331540ae260aa33eb31340397131e94ba6ea4b2c897250648b4d2956d59a9c4924f8c2851c83cb62bc47caa115dd64e57b797c7ed36a60a6b2e55652702c0ff0088de2c29c90718ac930a142563cc99e9b475c6ba6318fa1aa726252bc411e710ae9b554606ed2e5e03e90a14762b3164ba4e3645aefb046b0a142818c8d0a1e14438342a42851087ffd9, '1995-04-15', 'M', 25, '(11) 99845-1234', 'Crédito', '12345678901'),
('Mariana Rocha', 0xffd8ffe000104a46494600010100000100010000ffdb00840009060712101215131312151515171515151515151710151715101515181615151715181d2820181a251d151721312125292b2e2e2e171f3338332f37282d2e2d010a0a0a0e0d0e1a10101a352620252d2d2f2d2f2d2f2d2d2d2d2d2d2d2e2d2d2d2d2d2d2d2d2d2d2d2d2d2f2d2d2d2d2d2d2d2d2d2d2d2f2d2d2d2d2d2d2d2d2dffc000110800a8012c03012200021101031101ffc4001c0000010403010000000000000000000000050001040602030708ffc4004410000200030504070505060601050000000102000311040512213106415171132232618191a1074252b1d162728292c11453b2c2e1f0233343a2d2f1152444546373ffc4001b01000203010101000000000000000000000304000205010607ffc400311100020201020403050901010000000000000102031104210512314113225114326191a142527181b1c1d1e1f02315ffda000c03010002110311003f00e58f0c8b13edf67a18cac7237986a16294720ec5cac29b3362131bad16c9bb38a47562b1773e06148e95760c480f74394f2ce3868cdbe52e6ca29569b95d3746dbbef49b673be2fc6ce0eb153db2b5d9ace953db3d951a93fa0ef85754a305b770ba6729cb1e845da2dbd7590513298e281be05dedcf87f48e533e65637db6d25d8b1d4ff74884c6118c231f74d54dbea3130a1a1c442c64823a5fb28bafa47672322427e1518dff009639bc911ddbd9358b05943919904fe7627f842c0ed7e5095adcbc4f90b31191855594ab0e2ac2847918f32df977359a74c92fda96e50f7d346e44508ee223d3f1ccbdaf6cc998a2db2c54a00b380df2c7666785687ba9c2295bc3c169aca00fb1f9a3a67967306869c415653f3104fda0ec496266ca1d6ddc1c0f749dce3713afcab1ecd2d5d15be503a39c1e24823e47ce3bdcc94181561507506393ca9651d8ef1c33ca968b3b212181041a1041041e04447223bb6d96c3a4e0580390c9c0eb2f730f797fbca390df571cdb3351d723d9619ab723c7bb582c66a40e50680f1924b26a40d054f70a815f323ce11489f724f12e721600a9385c1d0cb718581f027ca2eca2071118c1fda6b8cd966659cb6cd1be6a4f11ea201308e279dd1d69ad868421428e9c33971d73d92a7fe9e69e33e9e52d3fe51c9254763f65c986c64f19ce7c9507f2c677147ff0fcd0c69979ce4f78b56639e2cdf331b2e8bc6659e62cc96d461e446f561bc188f6b3524f7988ea6346b6d6302d349e533bd5c77ca4d969354e4c331f0b68ca7918b7d9ed2b316382ec4de204c1259b0acc230926804d390af0ae9ce91d565d96d12c500306d4daec71927868574fa755a945f42c4f6700c43bcad2a168220c933c76eb10add5ac1f4f5d97c939f442d7dd55107c9bb64568404600c660c6f9e77393628876d2195e3239c5248246582937e4eabd2224b9048ad227deb65267538c59eedb9d44b151189a9ba346c6e515bb964a25b2c647684460948e91b47624697403ad1cfe7ca2a686174925841ed4f3962b28eb08e91744c612c754e91cf2c1db1ce3b1dc7325f44ba6904536ba32b0697587315fbd6f2b4229126ce6636e2cc8aa39d4d4f2cb9c72ebdee9b7ce985e6ca7663c30500e0003908f41f472db84699b75cb6dc2393729f561a16d317bc1a3ce8365ed67fd07f1c23f581778d81a43147a061a806b4af18f416d3485b1d9e6cfdc8a481c5ce4a3c49023cf76eb434c6666356624b1e24eb016b030a7096f06448702146c9637c54b9b2488f48ec459ba3b1ca1f647a00bfcb1c3769ae8fd96d3d0f09567cf4ab348978cf8be28f41dc898644b1f66be649fd6016be81ab5d49f48c1d0104100820820e608391046f11b043180973876da6cbccbaed0b3e48264970f28e7fe1cc071744c786591de3bc18ed160b5ace969350d55d55d7eeb0a8f1ce15bac72e7cb6973143a30a329de3f43dfba01ecb5826584b59198bcaab3d9a61d709cde4b70607ac388248d081772e6457182c948037e6cdcbb42b0c2b9eaa7b2dff13de20f830c6285cf3f6d4ec54cb3966960951aa1eda0fe65ef1fd62a2ab9c7a7ef3909346022afba9aad7793b87ce99031ca76d7621958cc96063d4aa8a2b8de5783711bfe66859d983957dd12e5d805b2ef94cc0b2ba00580cd27a554e672ad54f9911cbef2b13497696e28ca687f423b8eb1d9fd91bf4b629b25c5424e229c15d54f9e20c62b3ed36e029fe2019a7558fc5289eab781f9f74722f96583b25cd1c9cc690eab1b19208dc5753daa72494ed31a54e8aa33663dc067069494565814b2f088d64b23bb05556663a2a82c4f80ce3b0ec54b367b0aacd065b03318870c9916246a29a522c1b37b3d2ace825c95032ebb903139f898ef3dda083169bbca8ea9c4490a1694c4c77573cb79e0013183a8d4cb54b9611db3f9b1dae11ab793dcf31ce11a5563b7ed8fb39b314337a65b3ce3a0a0125df523001881fb439911c6ad16732dcab0a1068446fc73859d988fbcb2ba7a963b16c3da6622cc579185d5585663570b0a8a8c1ae71d33636d76f901655a5a44d940503f48e66a81a0ec51c7320f7c547652f74fd9915b54aaf80355f423ca0c0bca51de445674d925fd178ce95d727495b64b7e1116db60498328a2cbb67c3320858afb75201ce242dba979293d25172c27f332b6594a1a4698b1cf93d2a62df0127598aeb1e8f49a9f1a09bd99e4f5ba754dae317923031be518d2563621a436fa0a45ee0eb459ab34341f9072103a78ceb1b56d61452b1e4789a6eec1eab4125e1221ed75bfa37384453591a6d5a9177b6c8e9eaacb9f180f66b9274a2461254c7632ccb766a4a50f0f931b95a45a18b9dc3629b316a1c881c9713e3cd4d22cd77b7454021faa956e4c3b351669fdd34cefda64fbd58ca46d1cd4ed083eaeb3450eb02adf76e1a9a544123a683d9bc32478c49ed64132bbed236804fb0141913365d790ab7cc08e3934c74adbbb521b36003add2af900d58e693612b22e32c334613ae6b9a0b0998082b70d9fa49f253e39b293c19d54fce05458b6296b6db2ff00fbcafe3102611176f6b56122db226fbb325aa7e29730d7d262794755ba8ff832fee2fca2abed4aee336c5d2a8eb487137f0765fc3307f0c1ed9f4579086adbfdf9bc491ef70221693ca4329750c561468e808d1dc0e1553eac09f58896eb6b49d41238d0509e150453ca2874270c47f7df03acb7c4a7a55b09e0721f98e50441884c0f112f2b589484d403a0df9f70df12e205e97709c0674615a1e7a823c221004b6f9b31b04beae23bbb44ef666fa5321071aec532ba36353ae2399c7c7fbdd185d57589352482c72a8d02f011baf3bce4d990cc9d30228de77f20333e11c48eb643b9ae812264e70a17a61299c0fdf2e357603bfaa79931a76b6ed59d24922b405587196d91f2d7ce02da3da85854d02ce61c42a28f26607d20b5d1b5d62b6f512680cd97473014635dc2b931e44c5dc65d5954d1c56e7ba07ed6f67982a30cc53e02aac381d088bcfb3cd9c36633a63d0b13d1a1cbfcb1462c399a7e582c9b3405e12e653299669e8c7ffba5baa86fcaebf960bddb2f0cb51cc9e6c4b7eb08f12b9aab0bb85a20b9bf009d8270439e860b5da43cc67a8a2008bf7d806734ee52801fb4c200889dd274563671fba99307360587cc7940b842729bcf4481eb9f2a58eade0a5ed75e8b699b8d493da15dc25d7a817c0623dec7808e7fb5777e35e954759726ef4e3e1f28b1bc6a750c083a1041e4728d0f11f3731e97d8e1ecfe0f62abb1c826cf5905d504d214335681fdd196f3a73223aa4bf6723deb49f0963f578a925c7679aaac646134cccb6c198c8e4081a83ba2db22f29ca00e9a61a002acc4934e277982cb5b34b1178f91e4a5a48f36648856df67ee819a5da2b4202aba15c6c694008634a9200ca35ddf75ce9137a3b48a7c2c0d5580deadbfe707ecbb44c9fe6d1c6ead1483ce9137ff003d659d459aa295a82e1597169507718ed7ae97dbdc1dba4cc7107827d9540500440bc6ca5ce504a659c8c2656103de524d0a9d18100d08f23588b69b4b0ad11cd091d8994c8ea0d28477c69e9b55093f2bc3f89e7b55a1ba1d567e28126eb68873ecacbac17976e2c69e71b2d8a0ac69c6e9a7b99725d8ae5a4e15ac54ed56d62c69a45b6f7974431489d3829223375ae31b398f5dc0f433d456f9b648ebfd12f0112acd35464408a8ff00e55cc6fb3de0c758c774cdee87172f72ebd14b6dc2225aae546d2215db6b2c287582367b5d0d0c2eafba896cf0727a6858bd4aedaac4f24d4691becb31a702b4ce2cf325acc19881cdd1590177ad3705567663f0aa28258f7011af5f145657892f31953e1a95995d0e37ed46edfd98ca07572ed4ee5007f3450a4d8264d0e510b096a5dc8d1106f2774764be764ed37bda0daad67f6692a30499230b4de88126ad4aaa3126a753ba99469b5582559acb68912568ad2a603bcb1284558ef316ab37cb1df01ec9ad3c1617738b110676566e0b559db84f924f2e916be90226c6fb1cd2a432ea0823ef0cc4098da67aa27c8575646155605581dea4508f23103676c4d225094dee5101d712a0c28fe28109fb58a26586d4b3a5a4d5355745753f65d430f9c6e6600549a0199272000de4c26366518ba820820107507788e7f78edb5a6d535a4dd927a4c3da9c454731888555e058e7b842c7b412863224cee283a1c54dfd9c3e84c5b9195e6411be2c5d0be5d96cd7f51e112b67af060e2531aab570d7dd602b41dc403e34e302df6885b25852865cd463d24b60cae869a15615a1ae47bb769122e490664e5e0a43b1e0174f334f581358780bd517410f0c21e2c50c5eb4cb5dd5d2b1427b8def6b419b38b2d925b1596b9ab5a19490d33eca56a01e1a52a49bf111a48c002a26400000c20281901cb903164f071ac91ac573d9e4ae19522520fb2899f7934a93de606df7b1d63b5838a4847fde4a011abc4d051bc418276469ad883e114661955aabaa9ae4342069ba325b27598b12c0d0d0934c5a35545148a05d47189964c02f676c568b393267b09e8a3fc19fef804f5a5cc077e841a9ae75dd0f2570803865075140140001c06420261c2587db7a722e48f42233389acc13f887a3a8e4c4cbdcff00e81e9a7ecf972c022256274d9026d8da5834ac869753b98294a93dc445f823de71f82fdc5f883e575cbb27fc1cb261ce055b6f5c0d854034ed7d046bbc6f7ca89a9199e07781df01067de7e6634614f791e96ed5a4b107f997db970994ae0768b9ad33a198c441188b77c8e8e5a26f5500fdea667ceb1261293dde0c193cb6cc1e611b8f3143e9ac6b6a1dc0f2c9bfbf18d8cd4dc7c33f48c7261b8f0ffb888a922e8b5740e197302bd4270eea5010321e062d166da796c68c8c9e4c3cc4534caffa39e7cf58d88c77fa1ac77271c533a04b9f267e8558ff00b872ae6221dbec3a9c7814680e27a9240038835ca9d626a22913666edfc0d457911bfe5136eebf26c922ac5d46e6cc81dff51f583557d95ef162f6e96bb3de8a604db2b44eb3b6098b86a2aa750c3b8f76f8a6e077eb476abeeeeb3deb67098c2b76a5b645a5befcabd6046446fc8ee100e4ec519002555f7e2ae1f43ca1b85eacde6f718b7572aea51ae3d3d0229654a650f65b3d0d2245a65f44691b94839c36a49ad8c9794f732b3cbc0c227db64d407111926413966ab0adf4f881216b83c98ddd69c42245be5e243ca20495c2f48275ca315a75c9af41e9e249497739edaefd790cd2deb4dd00e65ed2e62b827556f9183bb6b61a9c423965e329d4919e7f28dfd0de94731eac4acd2bb3de59480126cc6632a8d4903fac10b9aecc76b97218e4d3925b11f0970091e11b2cd28a76467c637ddb35a55a9276124cb6498471c247d22f286db05507d59e81baa42495e810615961422d49a4a23ab99cf50cbf8603edcace9d2e5d92464d6872aedb92ce8314c63dd9a8efad37c16e90565cd53556016bc55e8659f3a0fc6627802b5a67a577d0d2a3d079467e70f236d6d820dc773cab1c9593285146649a6277deec7793e99019410a42878e67270117d5ccb3c870009aa080da12875427854547080964699659a199481a38e287523891a8f11be2dd326aaf6881cc811185e32d8d1314c3c25ab3fcb2898c96ce097ae869e598f18ceb11c25a5fb1230f0335d5478aad488de9734f6edcf0a3789483d1dbe91755c9f604ec8aee226233dbe5834c60b7c2b566f25ac1195b3f2466c1a69e33199bfdb92fa4129121258a22aa8e0a001e91754beec1bbd762be04e7ec486e7308963cb36f4807b4d22d0aa15a753121386582a011b8bd711dda523a0454f6f05150fd999e81608aa8a28ee9326235403c738037f5b56438c409c62a294d5681b5fc3e707a58a00380022bdb6c80c953ef07a8e584e2f4f50233f5152b20d31dae5860a9db423dd43f8881e82063deb326565b31c22acaa325a1356cb79c449cfe21102b1830aefa11a11ba13d0d91d3dbcd8dbb97d5d1e3d7cabaf6025ff7530733114956cd80152adbcd06e3af71ac36cc583a499d211d543977ccdc3c35f28b04b677c8507dbe1c94ea7c69c781992a585141fd4939924ef278c6bea7510947fe6fa8b69a57c61e1d8ba6c6d10d8c695cf84356354d6033209ef02a47ebe519e1cde4c618456bbffbd78c6a0d5cd4d7b8fcaba8f58cd1abb88ee3130433ac60f33c46fa6be5be1cc6a6cfb8fa1fac4441a63545451870dfcc1e31856a3790378ed2fd7fbd61c21d7b27cd5bc3fb3ce32caa2b9353d3857788b10ce5cc65ca80efa8cabe1b8fa728b148da87c2014534cb3c55f1cf58adcc407f42351080e201efca39938d17dbd25065ef80d25c8ca25ace2c738cd6cf9d6366a58463df3e67942b2b1df062ccf10acf642627cb91862f6dd5c16015719cb735b9ebc4cc5944655ce339af411e73516294dc91b35c5f2a403bfacc666822ab6db956bd6022f32df324c53b6a2d757ea98d6e156394791ad85b51983e68c8aade575894dd519445fd9f7d332057c3fee0a34e2758c7a58d6f648923c52d8ac16ed85bc84e906cefda9428389927b2477a9cbc162d7659d8973d412adf78647c0ea3b888e5762b69933166264ca7c08dea7b888e8576de92e7289a87aac42cc075973345c5e82bbfabba33f55a775bcae8169d42b739ea49bc27cc57961595519b0b315c4549d37d3fea0a4bd9e24d665a26b0f8570cb1fed15f58856bb389a850e55d0f061983e705eedb7e29419c85651866d48a2ba8eb1278114607830302a945adc97392e83c9b86ccb9f42a4f17ab9ff7d6279c28bb95472000fd2396ed77b5e972b14bb1289ac32339ebd18fb8a337e66839c727bf3696d56c6acf9ef33ec93441ca58a28f0107d900e56fa9e84bdfda1ddb662435a55d87bb2434d35e04af547891150bc7db54b1fe4591dbbe6baa78e140d5f311c96edbb264f2280804d2b426a7828df179ba761a942c02f7bf5dbf28c8455cf0335691cb7ec3dabdae5e533fcb4928376196ec7cd988f481768f68d7b1d6d0ebca5491fc91714d9497be639e5807a106309bb269eecc61f7803f2a4579c67d8a3ebf42903da45e9ffcc7fc923fe104ae1daeb7dbed567933a7748a6600414943a9da999aa8f75632beb658a825d032fc6bbb9ef1e39414f65db3665ce99686cd557a39478bb50b9e61683f19e111cf6036699c0e9d58a96d5db03385ae480d7ef1ccf9003d60edef7889095f78e4a3bf89ee11419934cc639d45733f13d73f007d7918518482ee56b682f56b294a2060e1880495c34232d0d726115e99b4b399949a2ad412aa298941cc12733a522d1b5f7619e8854f594b52bbea01a7776623582c2a24a23a034515040346399d7bc989185515cd8dcace536f19d83d2ade84022b4201195323a4642de9f687e127e503654a0a005140320068077467dd027147422b3d1b46cf8548f48d984f1f3a44295609afa4a73f8580f339410b3dcb691a00bdcccb4f215a40677551eb25f32ca2df6343509ceaadb8f1e477f23e51ba5d699d2bddfde50412e5987532c71cd8e7f9446e172b7c63c89fd4401eb685f6bf52de1cbd0170c4416ffc29fde0fc87fe51835c8fba62f8a30fe68afb751f7be8ff00827872f405c613101143fd41e20f18286e699f121f161fa18c1ae99a3e13c9bea045d6b297f689e1cbd0172c9d0f9ee23f43dd1b2244cb14d5d65b7851bf84988ec6991c8f0391f23068d9197bacae1aea5a24b41ab24aae7002c47ad48b2cb98157587e17793610baa5937d4088f326126823589d88c6e4a0842eba2b6cee5abadb666a28220dbad341195aed4008128c673e5a084a1176c94223ea3cab9985aea50ca6bbe2bdb4b711ae25116c9567c2b946c5a30ce356b9cb49624ba0859156c5c91ca265dae3dd31a1ac8c3718eba2c687dd11a275d32cfba23d0475394644b28e48d248dd11e4db264999891a848a11aab29d5594e4c3b8c7559b714a3eec54369767ba360ca328bcac525864aac7cdb160d97be1a6a849993688d5243aee049cf18efad40ad49ac36db5c936d766759330ab902a80d1672ad4896fe26a0f1d728857558d5118b8570a85ba3268cc695046fa8a65dec0d6a044cb0ed0aab74731aa05009bc7755f9907adc35e2712c928d8f94dd865c70ce096a96cac558104121810410c0d0820e86086cddced6a9c100cb53cb9ee11d876bf62e4de03a44225cea0a4c19acc14c8381ae5a30cf98ca04fb3dd97b459e64e973250573870b964c0cb9d709d4e8341c2b482a9f322423152f3740d5d1744bb3a80a33a50b533e4380ee823483722e15f7dd8f7251472a9a9f2a410b35db2259aaca5a8d19aaedf99aa7d63aa0c627ad82da2b255e54a2fd9566fba0b7ca240bb671ff49bc4a0f998b634c001272035272007381b6abcab94b188fc67b03bebeff865de23ae297503ed9649f9515fb4d866290ac83ad51da43d5f7988ae9f5037c6c67956494001455c9546acda9f127326326b7a0a90c66b9d48cea468310ea80380d33ca005b6c332d0d8a6cc007c2a09cb854e83c0d633b51ada6b78720ebc49af301ef0b63da1c92723a91c3e15e03bff005cc61225e2c905699514569dd96907e5dd5286a98beff587e53d5f4894f31506642a8e2428f58cbb38aae908fcc2aa8afb5cb3260a1017306ac47c85636c8d9851db984f7280bea6b13a75f9217dfc5f7413eba7ac419bb4cbeecb27ef103e5580bbb5b6fbab1f963f50f1d24a5d224e9372485ff4c1fbc59bd09a7a44e9729572550a3ec803e51579bb4734e8117c093ea7f488736f89edacd6f0a2ff000d22bec3a9b3df97cdb6331d0cfe08bbc33381a9039d0473f7b4bb769d9bef3337ccc6aa8e0208b853ef2fa7f619681f767406b64b1acc41cd97eb1acde527f7b2ff003afd62878a1628bffe547ef16f605ea5e4def207fac9e6212def20ff00ac9f9808a362858a3bff00950fbcc9ec0bd4be0bc649ff005a5fe74fac6e973d5bb2ca79107e51cf7146240de079455f095da5f438f41e92fa7f674730d140956b74ecbb2f26603c81a189897ecf03b75e6a9f480cb85d8bdd681bd0cfb3315bcdc1ad60958ef77634262b027c6e9135ab9030eca736b066bd3c59d1ac96a14856abcc28d62af6479ce28aa609592e77735987c203568ae93cbe8564ebafa98ceb53ce345069c62c970490a29be1acd6354140237c84c2d1b7a5a2bae3b7533751a894de3b0619061303d0d2b12ccceac409d342885b5d665a2da75b326591ab121e9016cd6f97f18896b6953a3083d75ddca9e45a6ebcb46f619c02da820851df04a65a40f78798af9402bc99a63834254721f3221886b230972dad2fc5a04f4d9c4a0b23cd632e53330aa129451c57366aeeae4bc85629535c8c67ed28f021465df998b9da313c9c0a30126ac49d77119577611e1021ee12dacc03307b24e86bc4708cbb75d473b7cc6b5754b1d087775e732ce42cb6a2d09c0455351bb76bba9162b2ed3ca75ff150af1cb1af3d2bdfa40c5b8b8ccf25a7eb191b8c7c67c547d606b8952bbfd184f064586cf7b486ec5a6878748e29dd81cd072a44b16b27ff0072c4773491ea16b145bc6ec645c470ba8cc9a7647120d72e27772a98cee8bb44ceb30a203400546261afe11a779af0cd87c460abe74f629e06f8c16cb45a92bd5066b035c4eccea878866273ee5f1a4699d30bf6cd470dde5f5ac6b02900af4da00b5595463bdcf64721ef7cb9c63d9aad46ae5cb1e9feeac729d365e228373a7aa0c4cc14716200f3301ed5b492d72452fde7aabeb9fa45627cf676c4ec58f1274e5b80ee11ac9866ae1915bd8f3fa1a95e857db615b4dfb39f460a3828a7a9cfca06bbd4d4d49e24927cce71ae1468574c21eeac0ec2a843a232c50d586850409b0f586850a3a4142850d10991cc2868558870786850c62107850d586ac420f58558686884352591d5f319562fd72d965328c85604d018dd26714cc467df73b374b079286cf0d976b1c945d008db32cf535115fb05f4a722738312adea77c128d6b82e5900bf4b26f289c9668cc002221b78e3112d5798190cd8e83ea7708ed9ab8f540a3a6977085a6d000cf21002f29cd34154f3390faf90862ecd9b3623e40721bbe7df1aad16a4962aec1477efe437c65d9aa729795658f574e1601766d9d00e29935dbb97aa3cf53e905a55951345f325be7016d3b4ca3b085bbd8e11e0333e6040cb45fd3db460838281f36a9f2a419c75b7fbd2c2fc70be4bf81aab87beaa3f3ff64b9d6234ebc64a64d3501e0596be51449f399fb6ccff007999bd098c03532d23b1e17f7a5f243b1d03fb4cbabdfb207bf5e4aff488efb492868b30f209fab454b142ac1970ca9756c347430f89693b4c9fbb6f3589777df72e71c39ab1d035287911fd229758c91c82083420820f023307ce24f86d4e3e5d99d9e8e18d8e88457fbdd10ee850b29547bb897f12bb2b7a831bacd3c4c4571ef283caa348d361c9a6af09848e4eaae7fdccd18986a2e3fef4fdcc96b720ed4dad911514d03e2c5c68b4cb91afa455098b26d72f5659fb4cbe2c01fe4315a8dde1c9782b1f1363478f0c50f18d61563406c7850d5868843285586ac2ac420f585586ac356210ca1ab18d634cdb5a2eac3cea7c84752c95724bab245615623c8b487cd41a712283c2b998d94898c11493dd193381bc4363e7e461010a384dc6c7cfc8c3e2fee861428e906c638c3d619a30e8c778e448f4063873732b1ed18df0624ded2dc6b1467b1b2eaa446b04ae860f2d2532e9b1e2dc3511df19fc0bd4d6a9aa9827609a48edc73b9379cc5df04ac97e77d213bf874f198b0d4eb397cb33a3cab3b1f7e1cd9ba360f8abd5653dd88a9af2ea7ac53655fcdb9a24d9ef4666188e519eb4d2cf2cb61c72caca616be6fc32cf472e98b7b1cc0a8ad00de69bce5ce2b73a7b31c4c493c4e6609ed2aa929357465c2df7d743e23f8602d61da34f5d71f2fccd7d1283ad492dcd98a1ab188855860770650a31ac3d62107850d58558841e1c18c2b0e0c4216dd96b46296c87dc6cbeeb663d714115349c7ed4b5239a3107f8d62b7b2d3e934afc4a7f329a8f42d160b51a4c92dc59e59ee0c85fe72d478c79ed5d7cb7c97aeffbfea61eaa3cb63ff7523ed2cbc5218ef52ac3cf09f46314f317db6c9e925ba7c4acbe6291400d515e30ef0b9791c7d18ee865b343c2ac635851a83e6558558c6b0ab1086558626235aad892c758f20353e1016d57b3be4bd51ddaf9fd22f1ae5217b7530afaf50eda2d689da603bb7f940d9f7cd7b0be2df41014124c5dbd9fec3b5e24cc984a59d1b0b30ed4c60012895c86a2adbab419e8cc685dcccbf88c92cf440ab92e9b5de33304a05be26270cb41c5c8c872cc9e1072f6d9eb358cf400f4f387f9d30e4887f752d38f166ad341435a751be6d12aeab1e1908b2fdc928065d2119bb5736a0ab127334d738e46cdde4e64927324935249de492493df12d9282c203a08cf553764fdd5f563690ab1aa7cdc2311d052bc89a5636030a1e8135d07ac2ac3428e1d1eb0ab0d0d588707ac286ac28842ed785cf2ca938469151b1ecd74ccc699572850a37675c5b5947c8f4bacbeaadb8c9985bb641d7b3002d3763a1a1530a142f6d6a3ee9b7c3f5d65ef96d49984bb34c0743162bb6c2ec2b9c285086a573472cd44fc392e52c975ddeb3d0ca63424647836e31599f2991991851949523bc1a1850a0514b94d2e1d6cbc6943b632635850a1470db142ac2851082ac2850a21050a142887497764ec1365b707507eeb755bd18c5cedbd8afc255fc118311e2011e30a146371158b20ccad72f32fc0906285784ac135d7831a72398f4221428a70c6fc46be07344fcf8f8118c62ee06a40e640850a3762b2f069ce5cb16c873af496bbf11fb3f5d207da2f973d9017bf53f486850dc6a8a322cd65b2e8f1f8031dc935249275261a1428289b619d9eb9dad331540ae260aa33eb31340397131e94ba6ea4b2c897250648b4d2956d59a9c4924f8c2851c83cb62bc47caa115dd64e57b797c7ed36a60a6b2e55652702c0ff0088de2c29c90718ac930a142563cc99e9b475c6ba6318fa1aa726252bc411e710ae9b554606ed2e5e03e90a14762b3164ba4e3645aefb046b0a142818c8d0a1e14438342a42851087ffd9, '1992-08-22', 'F', 26, '(31) 98765-4321', 'PIX', '23456789012');
INSERT INTO `paciente` (`nome`, `foto`, `dataNascimento`, `sexo`, `codigoEndereco`, `telefone`, `formaPagamento`, `cpf`) VALUES
('Thiago Almeida', 0xffd8ffe000104a46494600010100000100010000ffdb00840009060712101215131312151515171515151515151710151715101515181615151715181d2820181a251d151721312125292b2e2e2e171f3338332f37282d2e2d010a0a0a0e0d0e1a10101a352620252d2d2f2d2f2d2f2d2d2d2d2d2d2d2e2d2d2d2d2d2d2d2d2d2d2d2d2d2f2d2d2d2d2d2d2d2d2d2d2d2f2d2d2d2d2d2d2d2d2dffc000110800a8012c03012200021101031101ffc4001c0000010403010000000000000000000000050001040602030708ffc4004410000200030504070505060601050000000102000311040512213106415171132232618191a1074252b1d162728292c11453b2c2e1f0233343a2d2f1152444546373ffc4001b01000203010101000000000000000000000304000205010607ffc400311100020201020403050901010000000000000102031104210512314113225114326191a142527181b1c1d1e1f02315ffda000c03010002110311003f00e58f0c8b13edf67a18cac7237986a16294720ec5cac29b3362131bad16c9bb38a47562b1773e06148e95760c480f74394f2ce3868cdbe52e6ca29569b95d3746dbbef49b673be2fc6ce0eb153db2b5d9ace953db3d951a93fa0ef85754a305b770ba6729cb1e845da2dbd7590513298e281be05dedcf87f48e533e65637db6d25d8b1d4ff74884c6118c231f74d54dbea3130a1a1c442c64823a5fb28bafa47672322427e1518dff009639bc911ddbd9358b05943919904fe7627f842c0ed7e5095adcbc4f90b31191855594ab0e2ac2847918f32df977359a74c92fda96e50f7d346e44508ee223d3f1ccbdaf6cc998a2db2c54a00b380df2c7666785687ba9c2295bc3c169aca00fb1f9a3a67967306869c415653f3104fda0ec496266ca1d6ddc1c0f749dce3713afcab1ecd2d5d15be503a39c1e24823e47ce3bdcc94181561507506393ca9651d8ef1c33ca968b3b212181041a1041041e04447223bb6d96c3a4e0580390c9c0eb2f730f797fbca390df571cdb3351d723d9619ab723c7bb582c66a40e50680f1924b26a40d054f70a815f323ce11489f724f12e721600a9385c1d0cb718581f027ca2eca2071118c1fda6b8cd966659cb6cd1be6a4f11ea201308e279dd1d69ad868421428e9c33971d73d92a7fe9e69e33e9e52d3fe51c9254763f65c986c64f19ce7c9507f2c677147ff0fcd0c69979ce4f78b56639e2cdf331b2e8bc6659e62cc96d461e446f561bc188f6b3524f7988ea6346b6d6302d349e533bd5c77ca4d969354e4c331f0b68ca7918b7d9ed2b316382ec4de204c1259b0acc230926804d390af0ae9ce91d565d96d12c500306d4daec71927868574fa755a945f42c4f6700c43bcad2a168220c933c76eb10add5ac1f4f5d97c939f442d7dd55107c9bb64568404600c660c6f9e77393628876d2195e3239c5248246582937e4eabd2224b9048ad227deb65267538c59eedb9d44b151189a9ba346c6e515bb964a25b2c647684460948e91b47624697403ad1cfe7ca2a686174925841ed4f3962b28eb08e91744c612c754e91cf2c1db1ce3b1dc7325f44ba6904536ba32b0697587315fbd6f2b4229126ce6636e2cc8aa39d4d4f2cb9c72ebdee9b7ce985e6ca7663c30500e0003908f41f472db84699b75cb6dc2393729f561a16d317bc1a3ce8365ed67fd07f1c23f581778d81a43147a061a806b4af18f416d3485b1d9e6cfdc8a481c5ce4a3c49023cf76eb434c6666356624b1e24eb016b030a7096f06448702146c9637c54b9b2488f48ec459ba3b1ca1f647a00bfcb1c3769ae8fd96d3d0f09567cf4ab348978cf8be28f41dc898644b1f66be649fd6016be81ab5d49f48c1d0104100820820e608391046f11b043180973876da6cbccbaed0b3e48264970f28e7fe1cc071744c786591de3bc18ed160b5ace969350d55d55d7eeb0a8f1ce15bac72e7cb6973143a30a329de3f43dfba01ecb5826584b59198bcaab3d9a61d709cde4b70607ac388248d081772e6457182c948037e6cdcbb42b0c2b9eaa7b2dff13de20f830c6285cf3f6d4ec54cb3966960951aa1eda0fe65ef1fd62a2ab9c7a7ef3909346022afba9aad7793b87ce99031ca76d7621958cc96063d4aa8a2b8de5783711bfe66859d983957dd12e5d805b2ef94cc0b2ba00580cd27a554e672ad54f9911cbef2b13497696e28ca687f423b8eb1d9fd91bf4b629b25c5424e229c15d54f9e20c62b3ed36e029fe2019a7558fc5289eab781f9f74722f96583b25cd1c9cc690eab1b19208dc5753daa72494ed31a54e8aa33663dc067069494565814b2f088d64b23bb05556663a2a82c4f80ce3b0ec54b367b0aacd065b03318870c9916246a29a522c1b37b3d2ace825c95032ebb903139f898ef3dda083169bbca8ea9c4490a1694c4c77573cb79e0013183a8d4cb54b9611db3f9b1dae11ab793dcf31ce11a5563b7ed8fb39b314337a65b3ce3a0a0125df523001881fb439911c6ad16732dcab0a1068446fc73859d988fbcb2ba7a963b16c3da6622cc579185d5585663570b0a8a8c1ae71d33636d76f901655a5a44d940503f48e66a81a0ec51c7320f7c547652f74fd9915b54aaf80355f423ca0c0bca51de445674d925fd178ce95d727495b64b7e1116db60498328a2cbb67c3320858afb75201ce242dba979293d25172c27f332b6594a1a4698b1cf93d2a62df0127598aeb1e8f49a9f1a09bd99e4f5ba754dae317923031be518d2563621a436fa0a45ee0eb459ab34341f9072103a78ceb1b56d61452b1e4789a6eec1eab4125e1221ed75bfa37384453591a6d5a9177b6c8e9eaacb9f180f66b9274a2461254c7632ccb766a4a50f0f931b95a45a18b9dc3629b316a1c881c9713e3cd4d22cd77b7454021faa956e4c3b351669fdd34cefda64fbd58ca46d1cd4ed083eaeb3450eb02adf76e1a9a544123a683d9bc32478c49ed64132bbed236804fb0141913365d790ab7cc08e3934c74adbbb521b36003add2af900d58e693612b22e32c334613ae6b9a0b0998082b70d9fa49f253e39b293c19d54fce05458b6296b6db2ff00fbcafe3102611176f6b56122db226fbb325aa7e29730d7d262794755ba8ff832fee2fca2abed4aee336c5d2a8eb487137f0765fc3307f0c1ed9f4579086adbfdf9bc491ef70221693ca4329750c561468e808d1dc0e1553eac09f58896eb6b49d41238d0509e150453ca2874270c47f7df03acb7c4a7a55b09e0721f98e50441884c0f112f2b589484d403a0df9f70df12e205e97709c0674615a1e7a823c221004b6f9b31b04beae23bbb44ef666fa5321071aec532ba36353ae2399c7c7fbdd185d57589352482c72a8d02f011baf3bce4d990cc9d30228de77f20333e11c48eb643b9ae812264e70a17a61299c0fdf2e357603bfaa79931a76b6ed59d24922b405587196d91f2d7ce02da3da85854d02ce61c42a28f26607d20b5d1b5d62b6f512680cd97473014635dc2b931e44c5dc65d5954d1c56e7ba07ed6f67982a30cc53e02aac381d088bcfb3cd9c36633a63d0b13d1a1cbfcb1462c399a7e582c9b3405e12e653299669e8c7ffba5baa86fcaebf960bddb2f0cb51cc9e6c4b7eb08f12b9aab0bb85a20b9bf009d8270439e860b5da43cc67a8a2008bf7d806734ee52801fb4c200889dd274563671fba99307360587cc7940b842729bcf4481eb9f2a58eade0a5ed75e8b699b8d493da15dc25d7a817c0623dec7808e7fb5777e35e954759726ef4e3e1f28b1bc6a750c083a1041e4728d0f11f3731e97d8e1ecfe0f62abb1c826cf5905d504d214335681fdd196f3a73223aa4bf6723deb49f0963f578a925c7679aaac646134cccb6c198c8e4081a83ba2db22f29ca00e9a61a002acc4934e277982cb5b34b1178f91e4a5a48f36648856df67ee819a5da2b4202aba15c6c694008634a9200ca35ddf75ce9137a3b48a7c2c0d5580deadbfe707ecbb44c9fe6d1c6ead1483ce9137ff003d659d459aa295a82e1597169507718ed7ae97dbdc1dba4cc7107827d9540500440bc6ca5ce504a659c8c2656103de524d0a9d18100d08f23588b69b4b0ad11cd091d8994c8ea0d28477c69e9b55093f2bc3f89e7b55a1ba1d567e28126eb68873ecacbac17976e2c69e71b2d8a0ac69c6e9a7b99725d8ae5a4e15ac54ed56d62c69a45b6f7974431489d3829223375ae31b398f5dc0f433d456f9b648ebfd12f0112acd35464408a8ff00e55cc6fb3de0c758c774cdee87172f72ebd14b6dc2225aae546d2215db6b2c287582367b5d0d0c2eafba896cf0727a6858bd4aedaac4f24d4691becb31a702b4ce2cf325acc19881cdd1590177ad3705567663f0aa28258f7011af5f145657892f31953e1a95995d0e37ed46edfd98ca07572ed4ee5007f3450a4d8264d0e510b096a5dc8d1106f2774764be764ed37bda0daad67f6692a30499230b4de88126ad4aaa3126a753ba99469b5582559acb68912568ad2a603bcb1284558ef316ab37cb1df01ec9ad3c1617738b110676566e0b559db84f924f2e916be90226c6fb1cd2a432ea0823ef0cc4098da67aa27c8575646155605581dea4508f23103676c4d225094dee5101d712a0c28fe28109fb58a26586d4b3a5a4d5355745753f65d430f9c6e6600549a0199272000de4c26366518ba820820107507788e7f78edb5a6d535a4dd927a4c3da9c454731888555e058e7b842c7b412863224cee283a1c54dfd9c3e84c5b9195e6411be2c5d0be5d96cd7f51e112b67af060e2531aab570d7dd602b41dc403e34e302df6885b25852865cd463d24b60cae869a15615a1ae47bb769122e490664e5e0a43b1e0174f334f581358780bd517410f0c21e2c50c5eb4cb5dd5d2b1427b8def6b419b38b2d925b1596b9ab5a19490d33eca56a01e1a52a49bf111a48c002a26400000c20281901cb903164f071ac91ac573d9e4ae19522520fb2899f7934a93de606df7b1d63b5838a4847fde4a011abc4d051bc418276469ad883e114661955aabaa9ae4342069ba325b27598b12c0d0d0934c5a35545148a05d47189964c02f676c568b393267b09e8a3fc19fef804f5a5cc077e841a9ae75dd0f2570803865075140140001c06420261c2587db7a722e48f42233389acc13f887a3a8e4c4cbdcff00e81e9a7ecf972c022256274d9026d8da5834ac869753b98294a93dc445f823de71f82fdc5f883e575cbb27fc1cb261ce055b6f5c0d854034ed7d046bbc6f7ca89a9199e07781df01067de7e6634614f791e96ed5a4b107f997db970994ae0768b9ad33a198c441188b77c8e8e5a26f5500fdea667ceb1261293dde0c193cb6cc1e611b8f3143e9ac6b6a1dc0f2c9bfbf18d8cd4dc7c33f48c7261b8f0ffb888a922e8b5740e197302bd4270eea5010321e062d166da796c68c8c9e4c3cc4534caffa39e7cf58d88c77fa1ac77271c533a04b9f267e8558ff00b872ae6221dbec3a9c7814680e27a9240038835ca9d626a22913666edfc0d457911bfe5136eebf26c922ac5d46e6cc81dff51f583557d95ef162f6e96bb3de8a604db2b44eb3b6098b86a2aa750c3b8f76f8a6e077eb476abeeeeb3deb67098c2b76a5b645a5befcabd6046446fc8ee100e4ec519002555f7e2ae1f43ca1b85eacde6f718b7572aea51ae3d3d0229654a650f65b3d0d2245a65f44691b94839c36a49ad8c9794f732b3cbc0c227db64d407111926413966ab0adf4f881216b83c98ddd69c42245be5e243ca20495c2f48275ca315a75c9af41e9e249497739edaefd790cd2deb4dd00e65ed2e62b827556f9183bb6b61a9c423965e329d4919e7f28dfd0de94731eac4acd2bb3de59480126cc6632a8d4903fac10b9aecc76b97218e4d3925b11f0970091e11b2cd28a76467c637ddb35a55a9276124cb6498471c247d22f286db05507d59e81baa42495e810615961422d49a4a23ab99cf50cbf8603edcace9d2e5d92464d6872aedb92ce8314c63dd9a8efad37c16e90565cd53556016bc55e8659f3a0fc6627802b5a67a577d0d2a3d079467e70f236d6d820dc773cab1c9593285146649a6277deec7793e99019410a42878e67270117d5ccb3c870009aa080da12875427854547080964699659a199481a38e287523891a8f11be2dd326aaf6881cc811185e32d8d1314c3c25ab3fcb2898c96ce097ae869e598f18ceb11c25a5fb1230f0335d5478aad488de9734f6edcf0a3789483d1dbe91755c9f604ec8aee226233dbe5834c60b7c2b566f25ac1195b3f2466c1a69e33199bfdb92fa4129121258a22aa8e0a001e91754beec1bbd762be04e7ec486e7308963cb36f4807b4d22d0aa15a753121386582a011b8bd711dda523a0454f6f05150fd999e81608aa8a28ee9326235403c738037f5b56438c409c62a294d5681b5fc3e707a58a00380022bdb6c80c953ef07a8e584e2f4f50233f5152b20d31dae5860a9db423dd43f8881e82063deb326565b31c22acaa325a1356cb79c449cfe21102b1830aefa11a11ba13d0d91d3dbcd8dbb97d5d1e3d7cabaf6025ff7530733114956cd80152adbcd06e3af71ac36cc583a499d211d543977ccdc3c35f28b04b677c8507dbe1c94ea7c69c781992a585141fd4939924ef278c6bea7510947fe6fa8b69a57c61e1d8ba6c6d10d8c695cf84356354d6033209ef02a47ebe519e1cde4c618456bbffbd78c6a0d5cd4d7b8fcaba8f58cd1abb88ee3130433ac60f33c46fa6be5be1cc6a6cfb8fa1fac4441a63545451870dfcc1e31856a3790378ed2fd7fbd61c21d7b27cd5bc3fb3ce32caa2b9353d3857788b10ce5cc65ca80efa8cabe1b8fa728b148da87c2014534cb3c55f1cf58adcc407f42351080e201efca39938d17dbd25065ef80d25c8ca25ace2c738cd6cf9d6366a58463df3e67942b2b1df062ccf10acf642627cb91862f6dd5c16015719cb735b9ebc4cc5944655ce339af411e73516294dc91b35c5f2a403bfacc666822ab6db956bd6022f32df324c53b6a2d757ea98d6e156394791ad85b51983e68c8aade575894dd519445fd9f7d332057c3fee0a34e2758c7a58d6f648923c52d8ac16ed85bc84e906cefda9428389927b2477a9cbc162d7659d8973d412adf78647c0ea3b888e5762b69933166264ca7c08dea7b888e8576de92e7289a87aac42cc075973345c5e82bbfabba33f55a775bcae8169d42b739ea49bc27cc57961595519b0b315c4549d37d3fea0a4bd9e24d665a26b0f8570cb1fed15f58856bb389a850e55d0f061983e705eedb7e29419c85651866d48a2ba8eb1278114607830302a945adc97392e83c9b86ccb9f42a4f17ab9ff7d6279c28bb95472000fd2396ed77b5e972b14bb1289ac32339ebd18fb8a337e66839c727bf3696d56c6acf9ef33ec93441ca58a28f0107d900e56fa9e84bdfda1ddb662435a55d87bb2434d35e04af547891150bc7db54b1fe4591dbbe6baa78e140d5f311c96edbb264f2280804d2b426a7828df179ba761a942c02f7bf5dbf28c8455cf0335691cb7ec3dabdae5e533fcb4928376196ec7cd988f481768f68d7b1d6d0ebca5491fc91714d9497be639e5807a106309bb269eecc61f7803f2a4579c67d8a3ebf42903da45e9ffcc7fc923fe104ae1daeb7dbed567933a7748a6600414943a9da999aa8f75632beb658a825d032fc6bbb9ef1e39414f65db3665ce99686cd557a39478bb50b9e61683f19e111cf6036699c0e9d58a96d5db03385ae480d7ef1ccf9003d60edef7889095f78e4a3bf89ee11419934cc639d45733f13d73f007d7918518482ee56b682f56b294a2060e1880495c34232d0d726115e99b4b399949a2ad412aa298941cc12733a522d1b5f7619e8854f594b52bbea01a7776623582c2a24a23a034515040346399d7bc989185515cd8dcace536f19d83d2ade84022b4201195323a4642de9f687e127e503654a0a005140320068077467dd027147422b3d1b46cf8548f48d984f1f3a44295609afa4a73f8580f339410b3dcb691a00bdcccb4f215a40677551eb25f32ca2df6343509ceaadb8f1e477f23e51ba5d699d2bddfde50412e5987532c71cd8e7f9446e172b7c63c89fd4401eb685f6bf52de1cbd0170c4416ffc29fde0fc87fe51835c8fba62f8a30fe68afb751f7be8ff00827872f405c613101143fd41e20f18286e699f121f161fa18c1ae99a3e13c9bea045d6b297f689e1cbd0172c9d0f9ee23f43dd1b2244cb14d5d65b7851bf84988ec6991c8f0391f23068d9197bacae1aea5a24b41ab24aae7002c47ad48b2cb98157587e17793610baa5937d4088f326126823589d88c6e4a0842eba2b6cee5abadb666a28220dbad341195aed4008128c673e5a084a1176c94223ea3cab9985aea50ca6bbe2bdb4b711ae25116c9567c2b946c5a30ce356b9cb49624ba0859156c5c91ca265dae3dd31a1ac8c3718eba2c687dd11a275d32cfba23d0475394644b28e48d248dd11e4db264999891a848a11aab29d5594e4c3b8c7559b714a3eec54369767ba360ca328bcac525864aac7cdb160d97be1a6a849993688d5243aee049cf18efad40ad49ac36db5c936d766759330ab902a80d1672ad4896fe26a0f1d728857558d5118b8570a85ba3268cc695046fa8a65dec0d6a044cb0ed0aab74731aa05009bc7755f9907adc35e2712c928d8f94dd865c70ce096a96cac558104121810410c0d0820e86086cddced6a9c100cb53cb9ee11d876bf62e4de03a44225cea0a4c19acc14c8381ae5a30cf98ca04fb3dd97b459e64e973250573870b964c0cb9d709d4e8341c2b482a9f322423152f3740d5d1744bb3a80a33a50b533e4380ee823483722e15f7dd8f7251472a9a9f2a410b35db2259aaca5a8d19aaedf99aa7d63aa0c627ad82da2b255e54a2fd9566fba0b7ca240bb671ff49bc4a0f998b634c001272035272007381b6abcab94b188fc67b03bebeff865de23ae297503ed9649f9515fb4d866290ac83ad51da43d5f7988ae9f5037c6c67956494001455c9546acda9f127326326b7a0a90c66b9d48cea468310ea80380d33ca005b6c332d0d8a6cc007c2a09cb854e83c0d633b51ada6b78720ebc49af301ef0b63da1c92723a91c3e15e03bff005cc61225e2c905699514569dd96907e5dd5286a98beff587e53d5f4894f31506642a8e2428f58cbb38aae908fcc2aa8afb5cb3260a1017306ac47c85636c8d9851db984f7280bea6b13a75f9217dfc5f7413eba7ac419bb4cbeecb27ef103e5580bbb5b6fbab1f963f50f1d24a5d224e9372485ff4c1fbc59bd09a7a44e9729572550a3ec803e51579bb4734e8117c093ea7f488736f89edacd6f0a2ff000d22bec3a9b3df97cdb6331d0cfe08bbc33381a9039d0473f7b4bb769d9bef3337ccc6aa8e0208b853ef2fa7f619681f767406b64b1acc41cd97eb1acde527f7b2ff003afd62878a1628bffe547ef16f605ea5e4def207fac9e6212def20ff00ac9f9808a362858a3bff00950fbcc9ec0bd4be0bc649ff005a5fe74fac6e973d5bb2ca79107e51cf7146240de079455f095da5f438f41e92fa7f674730d140956b74ecbb2f26603c81a189897ecf03b75e6a9f480cb85d8bdd681bd0cfb3315bcdc1ad60958ef77634262b027c6e9135ab9030eca736b066bd3c59d1ac96a14856abcc28d62af6479ce28aa609592e77735987c203568ae93cbe8564ebafa98ceb53ce345069c62c970490a29be1acd6354140237c84c2d1b7a5a2bae3b7533751a894de3b0619061303d0d2b12ccceac409d342885b5d665a2da75b326591ab121e9016cd6f97f18896b6953a3083d75ddca9e45a6ebcb46f619c02da820851df04a65a40f78798af9402bc99a63834254721f3221886b230972dad2fc5a04f4d9c4a0b23cd632e53330aa129451c57366aeeae4bc85629535c8c67ed28f021465df998b9da313c9c0a30126ac49d77119577611e1021ee12dacc03307b24e86bc4708cbb75d473b7cc6b5754b1d087775e732ce42cb6a2d09c0455351bb76bba9162b2ed3ca75ff150af1cb1af3d2bdfa40c5b8b8ccf25a7eb191b8c7c67c547d606b8952bbfd184f064586cf7b486ec5a6878748e29dd81cd072a44b16b27ff0072c4773491ea16b145bc6ec645c470ba8cc9a7647120d72e27772a98cee8bb44ceb30a203400546261afe11a779af0cd87c460abe74f629e06f8c16cb45a92bd5066b035c4eccea878866273ee5f1a4699d30bf6cd470dde5f5ac6b02900af4da00b5595463bdcf64721ef7cb9c63d9aad46ae5cb1e9feeac729d365e228373a7aa0c4cc14716200f3301ed5b492d72452fde7aabeb9fa45627cf676c4ec58f1274e5b80ee11ac9866ae1915bd8f3fa1a95e857db615b4dfb39f460a3828a7a9cfca06bbd4d4d49e24927cce71ae1468574c21eeac0ec2a843a232c50d586850409b0f586850a3a4142850d10991cc2868558870786850c62107850d586ac420f58558686884352591d5f319562fd72d965328c85604d018dd26714cc467df73b374b079286cf0d976b1c945d008db32cf535115fb05f4a722738312adea77c128d6b82e5900bf4b26f289c9668cc002221b78e3112d5798190cd8e83ea7708ed9ab8f540a3a6977085a6d000cf21002f29cd34154f3390faf90862ecd9b3623e40721bbe7df1aad16a4962aec1477efe437c65d9aa729795658f574e1601766d9d00e29935dbb97aa3cf53e905a55951345f325be7016d3b4ca3b085bbd8e11e0333e6040cb45fd3db460838281f36a9f2a419c75b7fbd2c2fc70be4bf81aab87beaa3f3ff64b9d6234ebc64a64d3501e0596be51449f399fb6ccff007999bd098c03532d23b1e17f7a5f243b1d03fb4cbabdfb207bf5e4aff488efb492868b30f209fab454b142ac1970ca9756c347430f89693b4c9fbb6f3589777df72e71c39ab1d035287911fd229758c91c82083420820f023307ce24f86d4e3e5d99d9e8e18d8e88457fbdd10ee850b29547bb897f12bb2b7a831bacd3c4c4571ef283caa348d361c9a6af09848e4eaae7fdccd18986a2e3fef4fdcc96b720ed4dad911514d03e2c5c68b4cb91afa455098b26d72f5659fb4cbe2c01fe4315a8dde1c9782b1f1363478f0c50f18d61563406c7850d5868843285586ac2ac420f585586ac356210ca1ab18d634cdb5a2eac3cea7c84752c95724bab245615623c8b487cd41a712283c2b998d94898c11493dd193381bc4363e7e461010a384dc6c7cfc8c3e2fee861428e906c638c3d619a30e8c778e448f4063873732b1ed18df0624ded2dc6b1467b1b2eaa446b04ae860f2d2532e9b1e2dc3511df19fc0bd4d6a9aa9827609a48edc73b9379cc5df04ac97e77d213bf874f198b0d4eb397cb33a3cab3b1f7e1cd9ba360f8abd5653dd88a9af2ea7ac53655fcdb9a24d9ef4666188e519eb4d2cf2cb61c72caca616be6fc32cf472e98b7b1cc0a8ad00de69bce5ce2b73a7b31c4c493c4e6609ed2aa929357465c2df7d743e23f8602d61da34f5d71f2fccd7d1283ad492dcd98a1ab188855860770650a31ac3d62107850d58558841e1c18c2b0e0c4216dd96b46296c87dc6cbeeb663d714115349c7ed4b5239a3107f8d62b7b2d3e934afc4a7f329a8f42d160b51a4c92dc59e59ee0c85fe72d478c79ed5d7cb7c97aeffbfea61eaa3cb63ff7523ed2cbc5218ef52ac3cf09f46314f317db6c9e925ba7c4acbe6291400d515e30ef0b9791c7d18ee865b343c2ac635851a83e6558558c6b0ab1086558626235aad892c758f20353e1016d57b3be4bd51ddaf9fd22f1ae5217b7530afaf50eda2d689da603bb7f940d9f7cd7b0be2df41014124c5dbd9fec3b5e24cc984a59d1b0b30ed4c60012895c86a2adbab419e8cc685dcccbf88c92cf440ab92e9b5de33304a05be26270cb41c5c8c872cc9e1072f6d9eb358cf400f4f387f9d30e4887f752d38f166ad341435a751be6d12aeab1e1908b2fdc928065d2119bb5736a0ab127334d738e46cdde4e64927324935249de492493df12d9282c203a08cf553764fdd5f563690ab1aa7cdc2311d052bc89a5636030a1e8135d07ac2ac3428e1d1eb0ab0d0d588707ac286ac28842ed785cf2ca938469151b1ecd74ccc699572850a37675c5b5947c8f4bacbeaadb8c9985bb641d7b3002d3763a1a1530a142f6d6a3ee9b7c3f5d65ef96d49984bb34c0743162bb6c2ec2b9c285086a573472cd44fc392e52c975ddeb3d0ca63424647836e31599f2991991851949523bc1a1850a0514b94d2e1d6cbc6943b632635850a1470db142ac2851082ac2850a21050a142887497764ec1365b707507eeb755bd18c5cedbd8afc255fc118311e2011e30a146371158b20ccad72f32fc0906285784ac135d7831a72398f4221428a70c6fc46be07344fcf8f8118c62ee06a40e640850a3762b2f069ce5cb16c873af496bbf11fb3f5d207da2f973d9017bf53f486850dc6a8a322cd65b2e8f1f8031dc935249275261a1428289b619d9eb9dad331540ae260aa33eb31340397131e94ba6ea4b2c897250648b4d2956d59a9c4924f8c2851c83cb62bc47caa115dd64e57b797c7ed36a60a6b2e55652702c0ff0088de2c29c90718ac930a142563cc99e9b475c6ba6318fa1aa726252bc411e710ae9b554606ed2e5e03e90a14762b3164ba4e3645aefb046b0a142818c8d0a1e14438342a42851087ffd9, '1988-02-03', 'M', 27, '(81) 99654-7890', 'Débito', '34567890123'),
('Antonio Ribas', 0xffd8ffe000104a46494600010100000100010000ffdb00840009060712101215131312151515171515151515151710151715101515181615151715181d2820181a251d151721312125292b2e2e2e171f3338332f37282d2e2d010a0a0a0e0d0e1a10101a352620252d2d2f2d2f2d2f2d2d2d2d2d2d2d2e2d2d2d2d2d2d2d2d2d2d2d2d2d2f2d2d2d2d2d2d2d2d2d2d2d2f2d2d2d2d2d2d2d2d2dffc000110800a8012c03012200021101031101ffc4001c0000010403010000000000000000000000050001040602030708ffc4004410000200030504070505060601050000000102000311040512213106415171132232618191a1074252b1d162728292c11453b2c2e1f0233343a2d2f1152444546373ffc4001b01000203010101000000000000000000000304000205010607ffc400311100020201020403050901010000000000000102031104210512314113225114326191a142527181b1c1d1e1f02315ffda000c03010002110311003f00e58f0c8b13edf67a18cac7237986a16294720ec5cac29b3362131bad16c9bb38a47562b1773e06148e95760c480f74394f2ce3868cdbe52e6ca29569b95d3746dbbef49b673be2fc6ce0eb153db2b5d9ace953db3d951a93fa0ef85754a305b770ba6729cb1e845da2dbd7590513298e281be05dedcf87f48e533e65637db6d25d8b1d4ff74884c6118c231f74d54dbea3130a1a1c442c64823a5fb28bafa47672322427e1518dff009639bc911ddbd9358b05943919904fe7627f842c0ed7e5095adcbc4f90b31191855594ab0e2ac2847918f32df977359a74c92fda96e50f7d346e44508ee223d3f1ccbdaf6cc998a2db2c54a00b380df2c7666785687ba9c2295bc3c169aca00fb1f9a3a67967306869c415653f3104fda0ec496266ca1d6ddc1c0f749dce3713afcab1ecd2d5d15be503a39c1e24823e47ce3bdcc94181561507506393ca9651d8ef1c33ca968b3b212181041a1041041e04447223bb6d96c3a4e0580390c9c0eb2f730f797fbca390df571cdb3351d723d9619ab723c7bb582c66a40e50680f1924b26a40d054f70a815f323ce11489f724f12e721600a9385c1d0cb718581f027ca2eca2071118c1fda6b8cd966659cb6cd1be6a4f11ea201308e279dd1d69ad868421428e9c33971d73d92a7fe9e69e33e9e52d3fe51c9254763f65c986c64f19ce7c9507f2c677147ff0fcd0c69979ce4f78b56639e2cdf331b2e8bc6659e62cc96d461e446f561bc188f6b3524f7988ea6346b6d6302d349e533bd5c77ca4d969354e4c331f0b68ca7918b7d9ed2b316382ec4de204c1259b0acc230926804d390af0ae9ce91d565d96d12c500306d4daec71927868574fa755a945f42c4f6700c43bcad2a168220c933c76eb10add5ac1f4f5d97c939f442d7dd55107c9bb64568404600c660c6f9e77393628876d2195e3239c5248246582937e4eabd2224b9048ad227deb65267538c59eedb9d44b151189a9ba346c6e515bb964a25b2c647684460948e91b47624697403ad1cfe7ca2a686174925841ed4f3962b28eb08e91744c612c754e91cf2c1db1ce3b1dc7325f44ba6904536ba32b0697587315fbd6f2b4229126ce6636e2cc8aa39d4d4f2cb9c72ebdee9b7ce985e6ca7663c30500e0003908f41f472db84699b75cb6dc2393729f561a16d317bc1a3ce8365ed67fd07f1c23f581778d81a43147a061a806b4af18f416d3485b1d9e6cfdc8a481c5ce4a3c49023cf76eb434c6666356624b1e24eb016b030a7096f06448702146c9637c54b9b2488f48ec459ba3b1ca1f647a00bfcb1c3769ae8fd96d3d0f09567cf4ab348978cf8be28f41dc898644b1f66be649fd6016be81ab5d49f48c1d0104100820820e608391046f11b043180973876da6cbccbaed0b3e48264970f28e7fe1cc071744c786591de3bc18ed160b5ace969350d55d55d7eeb0a8f1ce15bac72e7cb6973143a30a329de3f43dfba01ecb5826584b59198bcaab3d9a61d709cde4b70607ac388248d081772e6457182c948037e6cdcbb42b0c2b9eaa7b2dff13de20f830c6285cf3f6d4ec54cb3966960951aa1eda0fe65ef1fd62a2ab9c7a7ef3909346022afba9aad7793b87ce99031ca76d7621958cc96063d4aa8a2b8de5783711bfe66859d983957dd12e5d805b2ef94cc0b2ba00580cd27a554e672ad54f9911cbef2b13497696e28ca687f423b8eb1d9fd91bf4b629b25c5424e229c15d54f9e20c62b3ed36e029fe2019a7558fc5289eab781f9f74722f96583b25cd1c9cc690eab1b19208dc5753daa72494ed31a54e8aa33663dc067069494565814b2f088d64b23bb05556663a2a82c4f80ce3b0ec54b367b0aacd065b03318870c9916246a29a522c1b37b3d2ace825c95032ebb903139f898ef3dda083169bbca8ea9c4490a1694c4c77573cb79e0013183a8d4cb54b9611db3f9b1dae11ab793dcf31ce11a5563b7ed8fb39b314337a65b3ce3a0a0125df523001881fb439911c6ad16732dcab0a1068446fc73859d988fbcb2ba7a963b16c3da6622cc579185d5585663570b0a8a8c1ae71d33636d76f901655a5a44d940503f48e66a81a0ec51c7320f7c547652f74fd9915b54aaf80355f423ca0c0bca51de445674d925fd178ce95d727495b64b7e1116db60498328a2cbb67c3320858afb75201ce242dba979293d25172c27f332b6594a1a4698b1cf93d2a62df0127598aeb1e8f49a9f1a09bd99e4f5ba754dae317923031be518d2563621a436fa0a45ee0eb459ab34341f9072103a78ceb1b56d61452b1e4789a6eec1eab4125e1221ed75bfa37384453591a6d5a9177b6c8e9eaacb9f180f66b9274a2461254c7632ccb766a4a50f0f931b95a45a18b9dc3629b316a1c881c9713e3cd4d22cd77b7454021faa956e4c3b351669fdd34cefda64fbd58ca46d1cd4ed083eaeb3450eb02adf76e1a9a544123a683d9bc32478c49ed64132bbed236804fb0141913365d790ab7cc08e3934c74adbbb521b36003add2af900d58e693612b22e32c334613ae6b9a0b0998082b70d9fa49f253e39b293c19d54fce05458b6296b6db2ff00fbcafe3102611176f6b56122db226fbb325aa7e29730d7d262794755ba8ff832fee2fca2abed4aee336c5d2a8eb487137f0765fc3307f0c1ed9f4579086adbfdf9bc491ef70221693ca4329750c561468e808d1dc0e1553eac09f58896eb6b49d41238d0509e150453ca2874270c47f7df03acb7c4a7a55b09e0721f98e50441884c0f112f2b589484d403a0df9f70df12e205e97709c0674615a1e7a823c221004b6f9b31b04beae23bbb44ef666fa5321071aec532ba36353ae2399c7c7fbdd185d57589352482c72a8d02f011baf3bce4d990cc9d30228de77f20333e11c48eb643b9ae812264e70a17a61299c0fdf2e357603bfaa79931a76b6ed59d24922b405587196d91f2d7ce02da3da85854d02ce61c42a28f26607d20b5d1b5d62b6f512680cd97473014635dc2b931e44c5dc65d5954d1c56e7ba07ed6f67982a30cc53e02aac381d088bcfb3cd9c36633a63d0b13d1a1cbfcb1462c399a7e582c9b3405e12e653299669e8c7ffba5baa86fcaebf960bddb2f0cb51cc9e6c4b7eb08f12b9aab0bb85a20b9bf009d8270439e860b5da43cc67a8a2008bf7d806734ee52801fb4c200889dd274563671fba99307360587cc7940b842729bcf4481eb9f2a58eade0a5ed75e8b699b8d493da15dc25d7a817c0623dec7808e7fb5777e35e954759726ef4e3e1f28b1bc6a750c083a1041e4728d0f11f3731e97d8e1ecfe0f62abb1c826cf5905d504d214335681fdd196f3a73223aa4bf6723deb49f0963f578a925c7679aaac646134cccb6c198c8e4081a83ba2db22f29ca00e9a61a002acc4934e277982cb5b34b1178f91e4a5a48f36648856df67ee819a5da2b4202aba15c6c694008634a9200ca35ddf75ce9137a3b48a7c2c0d5580deadbfe707ecbb44c9fe6d1c6ead1483ce9137ff003d659d459aa295a82e1597169507718ed7ae97dbdc1dba4cc7107827d9540500440bc6ca5ce504a659c8c2656103de524d0a9d18100d08f23588b69b4b0ad11cd091d8994c8ea0d28477c69e9b55093f2bc3f89e7b55a1ba1d567e28126eb68873ecacbac17976e2c69e71b2d8a0ac69c6e9a7b99725d8ae5a4e15ac54ed56d62c69a45b6f7974431489d3829223375ae31b398f5dc0f433d456f9b648ebfd12f0112acd35464408a8ff00e55cc6fb3de0c758c774cdee87172f72ebd14b6dc2225aae546d2215db6b2c287582367b5d0d0c2eafba896cf0727a6858bd4aedaac4f24d4691becb31a702b4ce2cf325acc19881cdd1590177ad3705567663f0aa28258f7011af5f145657892f31953e1a95995d0e37ed46edfd98ca07572ed4ee5007f3450a4d8264d0e510b096a5dc8d1106f2774764be764ed37bda0daad67f6692a30499230b4de88126ad4aaa3126a753ba99469b5582559acb68912568ad2a603bcb1284558ef316ab37cb1df01ec9ad3c1617738b110676566e0b559db84f924f2e916be90226c6fb1cd2a432ea0823ef0cc4098da67aa27c8575646155605581dea4508f23103676c4d225094dee5101d712a0c28fe28109fb58a26586d4b3a5a4d5355745753f65d430f9c6e6600549a0199272000de4c26366518ba820820107507788e7f78edb5a6d535a4dd927a4c3da9c454731888555e058e7b842c7b412863224cee283a1c54dfd9c3e84c5b9195e6411be2c5d0be5d96cd7f51e112b67af060e2531aab570d7dd602b41dc403e34e302df6885b25852865cd463d24b60cae869a15615a1ae47bb769122e490664e5e0a43b1e0174f334f581358780bd517410f0c21e2c50c5eb4cb5dd5d2b1427b8def6b419b38b2d925b1596b9ab5a19490d33eca56a01e1a52a49bf111a48c002a26400000c20281901cb903164f071ac91ac573d9e4ae19522520fb2899f7934a93de606df7b1d63b5838a4847fde4a011abc4d051bc418276469ad883e114661955aabaa9ae4342069ba325b27598b12c0d0d0934c5a35545148a05d47189964c02f676c568b393267b09e8a3fc19fef804f5a5cc077e841a9ae75dd0f2570803865075140140001c06420261c2587db7a722e48f42233389acc13f887a3a8e4c4cbdcff00e81e9a7ecf972c022256274d9026d8da5834ac869753b98294a93dc445f823de71f82fdc5f883e575cbb27fc1cb261ce055b6f5c0d854034ed7d046bbc6f7ca89a9199e07781df01067de7e6634614f791e96ed5a4b107f997db970994ae0768b9ad33a198c441188b77c8e8e5a26f5500fdea667ceb1261293dde0c193cb6cc1e611b8f3143e9ac6b6a1dc0f2c9bfbf18d8cd4dc7c33f48c7261b8f0ffb888a922e8b5740e197302bd4270eea5010321e062d166da796c68c8c9e4c3cc4534caffa39e7cf58d88c77fa1ac77271c533a04b9f267e8558ff00b872ae6221dbec3a9c7814680e27a9240038835ca9d626a22913666edfc0d457911bfe5136eebf26c922ac5d46e6cc81dff51f583557d95ef162f6e96bb3de8a604db2b44eb3b6098b86a2aa750c3b8f76f8a6e077eb476abeeeeb3deb67098c2b76a5b645a5befcabd6046446fc8ee100e4ec519002555f7e2ae1f43ca1b85eacde6f718b7572aea51ae3d3d0229654a650f65b3d0d2245a65f44691b94839c36a49ad8c9794f732b3cbc0c227db64d407111926413966ab0adf4f881216b83c98ddd69c42245be5e243ca20495c2f48275ca315a75c9af41e9e249497739edaefd790cd2deb4dd00e65ed2e62b827556f9183bb6b61a9c423965e329d4919e7f28dfd0de94731eac4acd2bb3de59480126cc6632a8d4903fac10b9aecc76b97218e4d3925b11f0970091e11b2cd28a76467c637ddb35a55a9276124cb6498471c247d22f286db05507d59e81baa42495e810615961422d49a4a23ab99cf50cbf8603edcace9d2e5d92464d6872aedb92ce8314c63dd9a8efad37c16e90565cd53556016bc55e8659f3a0fc6627802b5a67a577d0d2a3d079467e70f236d6d820dc773cab1c9593285146649a6277deec7793e99019410a42878e67270117d5ccb3c870009aa080da12875427854547080964699659a199481a38e287523891a8f11be2dd326aaf6881cc811185e32d8d1314c3c25ab3fcb2898c96ce097ae869e598f18ceb11c25a5fb1230f0335d5478aad488de9734f6edcf0a3789483d1dbe91755c9f604ec8aee226233dbe5834c60b7c2b566f25ac1195b3f2466c1a69e33199bfdb92fa4129121258a22aa8e0a001e91754beec1bbd762be04e7ec486e7308963cb36f4807b4d22d0aa15a753121386582a011b8bd711dda523a0454f6f05150fd999e81608aa8a28ee9326235403c738037f5b56438c409c62a294d5681b5fc3e707a58a00380022bdb6c80c953ef07a8e584e2f4f50233f5152b20d31dae5860a9db423dd43f8881e82063deb326565b31c22acaa325a1356cb79c449cfe21102b1830aefa11a11ba13d0d91d3dbcd8dbb97d5d1e3d7cabaf6025ff7530733114956cd80152adbcd06e3af71ac36cc583a499d211d543977ccdc3c35f28b04b677c8507dbe1c94ea7c69c781992a585141fd4939924ef278c6bea7510947fe6fa8b69a57c61e1d8ba6c6d10d8c695cf84356354d6033209ef02a47ebe519e1cde4c618456bbffbd78c6a0d5cd4d7b8fcaba8f58cd1abb88ee3130433ac60f33c46fa6be5be1cc6a6cfb8fa1fac4441a63545451870dfcc1e31856a3790378ed2fd7fbd61c21d7b27cd5bc3fb3ce32caa2b9353d3857788b10ce5cc65ca80efa8cabe1b8fa728b148da87c2014534cb3c55f1cf58adcc407f42351080e201efca39938d17dbd25065ef80d25c8ca25ace2c738cd6cf9d6366a58463df3e67942b2b1df062ccf10acf642627cb91862f6dd5c16015719cb735b9ebc4cc5944655ce339af411e73516294dc91b35c5f2a403bfacc666822ab6db956bd6022f32df324c53b6a2d757ea98d6e156394791ad85b51983e68c8aade575894dd519445fd9f7d332057c3fee0a34e2758c7a58d6f648923c52d8ac16ed85bc84e906cefda9428389927b2477a9cbc162d7659d8973d412adf78647c0ea3b888e5762b69933166264ca7c08dea7b888e8576de92e7289a87aac42cc075973345c5e82bbfabba33f55a775bcae8169d42b739ea49bc27cc57961595519b0b315c4549d37d3fea0a4bd9e24d665a26b0f8570cb1fed15f58856bb389a850e55d0f061983e705eedb7e29419c85651866d48a2ba8eb1278114607830302a945adc97392e83c9b86ccb9f42a4f17ab9ff7d6279c28bb95472000fd2396ed77b5e972b14bb1289ac32339ebd18fb8a337e66839c727bf3696d56c6acf9ef33ec93441ca58a28f0107d900e56fa9e84bdfda1ddb662435a55d87bb2434d35e04af547891150bc7db54b1fe4591dbbe6baa78e140d5f311c96edbb264f2280804d2b426a7828df179ba761a942c02f7bf5dbf28c8455cf0335691cb7ec3dabdae5e533fcb4928376196ec7cd988f481768f68d7b1d6d0ebca5491fc91714d9497be639e5807a106309bb269eecc61f7803f2a4579c67d8a3ebf42903da45e9ffcc7fc923fe104ae1daeb7dbed567933a7748a6600414943a9da999aa8f75632beb658a825d032fc6bbb9ef1e39414f65db3665ce99686cd557a39478bb50b9e61683f19e111cf6036699c0e9d58a96d5db03385ae480d7ef1ccf9003d60edef7889095f78e4a3bf89ee11419934cc639d45733f13d73f007d7918518482ee56b682f56b294a2060e1880495c34232d0d726115e99b4b399949a2ad412aa298941cc12733a522d1b5f7619e8854f594b52bbea01a7776623582c2a24a23a034515040346399d7bc989185515cd8dcace536f19d83d2ade84022b4201195323a4642de9f687e127e503654a0a005140320068077467dd027147422b3d1b46cf8548f48d984f1f3a44295609afa4a73f8580f339410b3dcb691a00bdcccb4f215a40677551eb25f32ca2df6343509ceaadb8f1e477f23e51ba5d699d2bddfde50412e5987532c71cd8e7f9446e172b7c63c89fd4401eb685f6bf52de1cbd0170c4416ffc29fde0fc87fe51835c8fba62f8a30fe68afb751f7be8ff00827872f405c613101143fd41e20f18286e699f121f161fa18c1ae99a3e13c9bea045d6b297f689e1cbd0172c9d0f9ee23f43dd1b2244cb14d5d65b7851bf84988ec6991c8f0391f23068d9197bacae1aea5a24b41ab24aae7002c47ad48b2cb98157587e17793610baa5937d4088f326126823589d88c6e4a0842eba2b6cee5abadb666a28220dbad341195aed4008128c673e5a084a1176c94223ea3cab9985aea50ca6bbe2bdb4b711ae25116c9567c2b946c5a30ce356b9cb49624ba0859156c5c91ca265dae3dd31a1ac8c3718eba2c687dd11a275d32cfba23d0475394644b28e48d248dd11e4db264999891a848a11aab29d5594e4c3b8c7559b714a3eec54369767ba360ca328bcac525864aac7cdb160d97be1a6a849993688d5243aee049cf18efad40ad49ac36db5c936d766759330ab902a80d1672ad4896fe26a0f1d728857558d5118b8570a85ba3268cc695046fa8a65dec0d6a044cb0ed0aab74731aa05009bc7755f9907adc35e2712c928d8f94dd865c70ce096a96cac558104121810410c0d0820e86086cddced6a9c100cb53cb9ee11d876bf62e4de03a44225cea0a4c19acc14c8381ae5a30cf98ca04fb3dd97b459e64e973250573870b964c0cb9d709d4e8341c2b482a9f322423152f3740d5d1744bb3a80a33a50b533e4380ee823483722e15f7dd8f7251472a9a9f2a410b35db2259aaca5a8d19aaedf99aa7d63aa0c627ad82da2b255e54a2fd9566fba0b7ca240bb671ff49bc4a0f998b634c001272035272007381b6abcab94b188fc67b03bebeff865de23ae297503ed9649f9515fb4d866290ac83ad51da43d5f7988ae9f5037c6c67956494001455c9546acda9f127326326b7a0a90c66b9d48cea468310ea80380d33ca005b6c332d0d8a6cc007c2a09cb854e83c0d633b51ada6b78720ebc49af301ef0b63da1c92723a91c3e15e03bff005cc61225e2c905699514569dd96907e5dd5286a98beff587e53d5f4894f31506642a8e2428f58cbb38aae908fcc2aa8afb5cb3260a1017306ac47c85636c8d9851db984f7280bea6b13a75f9217dfc5f7413eba7ac419bb4cbeecb27ef103e5580bbb5b6fbab1f963f50f1d24a5d224e9372485ff4c1fbc59bd09a7a44e9729572550a3ec803e51579bb4734e8117c093ea7f488736f89edacd6f0a2ff000d22bec3a9b3df97cdb6331d0cfe08bbc33381a9039d0473f7b4bb769d9bef3337ccc6aa8e0208b853ef2fa7f619681f767406b64b1acc41cd97eb1acde527f7b2ff003afd62878a1628bffe547ef16f605ea5e4def207fac9e6212def20ff00ac9f9808a362858a3bff00950fbcc9ec0bd4be0bc649ff005a5fe74fac6e973d5bb2ca79107e51cf7146240de079455f095da5f438f41e92fa7f674730d140956b74ecbb2f26603c81a189897ecf03b75e6a9f480cb85d8bdd681bd0cfb3315bcdc1ad60958ef77634262b027c6e9135ab9030eca736b066bd3c59d1ac96a14856abcc28d62af6479ce28aa609592e77735987c203568ae93cbe8564ebafa98ceb53ce345069c62c970490a29be1acd6354140237c84c2d1b7a5a2bae3b7533751a894de3b0619061303d0d2b12ccceac409d342885b5d665a2da75b326591ab121e9016cd6f97f18896b6953a3083d75ddca9e45a6ebcb46f619c02da820851df04a65a40f78798af9402bc99a63834254721f3221886b230972dad2fc5a04f4d9c4a0b23cd632e53330aa129451c57366aeeae4bc85629535c8c67ed28f021465df998b9da313c9c0a30126ac49d77119577611e1021ee12dacc03307b24e86bc4708cbb75d473b7cc6b5754b1d087775e732ce42cb6a2d09c0455351bb76bba9162b2ed3ca75ff150af1cb1af3d2bdfa40c5b8b8ccf25a7eb191b8c7c67c547d606b8952bbfd184f064586cf7b486ec5a6878748e29dd81cd072a44b16b27ff0072c4773491ea16b145bc6ec645c470ba8cc9a7647120d72e27772a98cee8bb44ceb30a203400546261afe11a779af0cd87c460abe74f629e06f8c16cb45a92bd5066b035c4eccea878866273ee5f1a4699d30bf6cd470dde5f5ac6b02900af4da00b5595463bdcf64721ef7cb9c63d9aad46ae5cb1e9feeac729d365e228373a7aa0c4cc14716200f3301ed5b492d72452fde7aabeb9fa45627cf676c4ec58f1274e5b80ee11ac9866ae1915bd8f3fa1a95e857db615b4dfb39f460a3828a7a9cfca06bbd4d4d49e24927cce71ae1468574c21eeac0ec2a843a232c50d586850409b0f586850a3a4142850d10991cc2868558870786850c62107850d586ac420f58558686884352591d5f319562fd72d965328c85604d018dd26714cc467df73b374b079286cf0d976b1c945d008db32cf535115fb05f4a722738312adea77c128d6b82e5900bf4b26f289c9668cc002221b78e3112d5798190cd8e83ea7708ed9ab8f540a3a6977085a6d000cf21002f29cd34154f3390faf90862ecd9b3623e40721bbe7df1aad16a4962aec1477efe437c65d9aa729795658f574e1601766d9d00e29935dbb97aa3cf53e905a55951345f325be7016d3b4ca3b085bbd8e11e0333e6040cb45fd3db460838281f36a9f2a419c75b7fbd2c2fc70be4bf81aab87beaa3f3ff64b9d6234ebc64a64d3501e0596be51449f399fb6ccff007999bd098c03532d23b1e17f7a5f243b1d03fb4cbabdfb207bf5e4aff488efb492868b30f209fab454b142ac1970ca9756c347430f89693b4c9fbb6f3589777df72e71c39ab1d035287911fd229758c91c82083420820f023307ce24f86d4e3e5d99d9e8e18d8e88457fbdd10ee850b29547bb897f12bb2b7a831bacd3c4c4571ef283caa348d361c9a6af09848e4eaae7fdccd18986a2e3fef4fdcc96b720ed4dad911514d03e2c5c68b4cb91afa455098b26d72f5659fb4cbe2c01fe4315a8dde1c9782b1f1363478f0c50f18d61563406c7850d5868843285586ac2ac420f585586ac356210ca1ab18d634cdb5a2eac3cea7c84752c95724bab245615623c8b487cd41a712283c2b998d94898c11493dd193381bc4363e7e461010a384dc6c7cfc8c3e2fee861428e906c638c3d619a30e8c778e448f4063873732b1ed18df0624ded2dc6b1467b1b2eaa446b04ae860f2d2532e9b1e2dc3511df19fc0bd4d6a9aa9827609a48edc73b9379cc5df04ac97e77d213bf874f198b0d4eb397cb33a3cab3b1f7e1cd9ba360f8abd5653dd88a9af2ea7ac53655fcdb9a24d9ef4666188e519eb4d2cf2cb61c72caca616be6fc32cf472e98b7b1cc0a8ad00de69bce5ce2b73a7b31c4c493c4e6609ed2aa929357465c2df7d743e23f8602d61da34f5d71f2fccd7d1283ad492dcd98a1ab188855860770650a31ac3d62107850d58558841e1c18c2b0e0c4216dd96b46296c87dc6cbeeb663d714115349c7ed4b5239a3107f8d62b7b2d3e934afc4a7f329a8f42d160b51a4c92dc59e59ee0c85fe72d478c79ed5d7cb7c97aeffbfea61eaa3cb63ff7523ed2cbc5218ef52ac3cf09f46314f317db6c9e925ba7c4acbe6291400d515e30ef0b9791c7d18ee865b343c2ac635851a83e6558558c6b0ab1086558626235aad892c758f20353e1016d57b3be4bd51ddaf9fd22f1ae5217b7530afaf50eda2d689da603bb7f940d9f7cd7b0be2df41014124c5dbd9fec3b5e24cc984a59d1b0b30ed4c60012895c86a2adbab419e8cc685dcccbf88c92cf440ab92e9b5de33304a05be26270cb41c5c8c872cc9e1072f6d9eb358cf400f4f387f9d30e4887f752d38f166ad341435a751be6d12aeab1e1908b2fdc928065d2119bb5736a0ab127334d738e46cdde4e64927324935249de492493df12d9282c203a08cf553764fdd5f563690ab1aa7cdc2311d052bc89a5636030a1e8135d07ac2ac3428e1d1eb0ab0d0d588707ac286ac28842ed785cf2ca938469151b1ecd74ccc699572850a37675c5b5947c8f4bacbeaadb8c9985bb641d7b3002d3763a1a1530a142f6d6a3ee9b7c3f5d65ef96d49984bb34c0743162bb6c2ec2b9c285086a573472cd44fc392e52c975ddeb3d0ca63424647836e31599f2991991851949523bc1a1850a0514b94d2e1d6cbc6943b632635850a1470db142ac2851082ac2850a21050a142887497764ec1365b707507eeb755bd18c5cedbd8afc255fc118311e2011e30a146371158b20ccad72f32fc0906285784ac135d7831a72398f4221428a70c6fc46be07344fcf8f8118c62ee06a40e640850a3762b2f069ce5cb16c873af496bbf11fb3f5d207da2f973d9017bf53f486850dc6a8a322cd65b2e8f1f8031dc935249275261a1428289b619d9eb9dad331540ae260aa33eb31340397131e94ba6ea4b2c897250648b4d2956d59a9c4924f8c2851c83cb62bc47caa115dd64e57b797c7ed36a60a6b2e55652702c0ff0088de2c29c90718ac930a142563cc99e9b475c6ba6318fa1aa726252bc411e710ae9b554606ed2e5e03e90a14762b3164ba4e3645aefb046b0a142818c8d0a1e14438342a42851087ffd9, '1960-06-19', 'M', 22, '(42) 99958-7374', 'Débito', '39664201987');
INSERT INTO `paciente` (`nome`, `foto`, `dataNascimento`, `sexo`, `codigoEndereco`, `telefone`, `formaPagamento`, `cpf`) VALUES
('Camila Ferreira', 0xffd8ffe000104a46494600010100000100010000ffdb00840009060712101215131312151515171515151515151710151715101515181615151715181d2820181a251d151721312125292b2e2e2e171f3338332f37282d2e2d010a0a0a0e0d0e1a10101a352620252d2d2f2d2f2d2f2d2d2d2d2d2d2d2e2d2d2d2d2d2d2d2d2d2d2d2d2d2f2d2d2d2d2d2d2d2d2d2d2d2f2d2d2d2d2d2d2d2d2dffc000110800a8012c03012200021101031101ffc4001c0000010403010000000000000000000000050001040602030708ffc4004410000200030504070505060601050000000102000311040512213106415171132232618191a1074252b1d162728292c11453b2c2e1f0233343a2d2f1152444546373ffc4001b01000203010101000000000000000000000304000205010607ffc400311100020201020403050901010000000000000102031104210512314113225114326191a142527181b1c1d1e1f02315ffda000c03010002110311003f00e58f0c8b13edf67a18cac7237986a16294720ec5cac29b3362131bad16c9bb38a47562b1773e06148e95760c480f74394f2ce3868cdbe52e6ca29569b95d3746dbbef49b673be2fc6ce0eb153db2b5d9ace953db3d951a93fa0ef85754a305b770ba6729cb1e845da2dbd7590513298e281be05dedcf87f48e533e65637db6d25d8b1d4ff74884c6118c231f74d54dbea3130a1a1c442c64823a5fb28bafa47672322427e1518dff009639bc911ddbd9358b05943919904fe7627f842c0ed7e5095adcbc4f90b31191855594ab0e2ac2847918f32df977359a74c92fda96e50f7d346e44508ee223d3f1ccbdaf6cc998a2db2c54a00b380df2c7666785687ba9c2295bc3c169aca00fb1f9a3a67967306869c415653f3104fda0ec496266ca1d6ddc1c0f749dce3713afcab1ecd2d5d15be503a39c1e24823e47ce3bdcc94181561507506393ca9651d8ef1c33ca968b3b212181041a1041041e04447223bb6d96c3a4e0580390c9c0eb2f730f797fbca390df571cdb3351d723d9619ab723c7bb582c66a40e50680f1924b26a40d054f70a815f323ce11489f724f12e721600a9385c1d0cb718581f027ca2eca2071118c1fda6b8cd966659cb6cd1be6a4f11ea201308e279dd1d69ad868421428e9c33971d73d92a7fe9e69e33e9e52d3fe51c9254763f65c986c64f19ce7c9507f2c677147ff0fcd0c69979ce4f78b56639e2cdf331b2e8bc6659e62cc96d461e446f561bc188f6b3524f7988ea6346b6d6302d349e533bd5c77ca4d969354e4c331f0b68ca7918b7d9ed2b316382ec4de204c1259b0acc230926804d390af0ae9ce91d565d96d12c500306d4daec71927868574fa755a945f42c4f6700c43bcad2a168220c933c76eb10add5ac1f4f5d97c939f442d7dd55107c9bb64568404600c660c6f9e77393628876d2195e3239c5248246582937e4eabd2224b9048ad227deb65267538c59eedb9d44b151189a9ba346c6e515bb964a25b2c647684460948e91b47624697403ad1cfe7ca2a686174925841ed4f3962b28eb08e91744c612c754e91cf2c1db1ce3b1dc7325f44ba6904536ba32b0697587315fbd6f2b4229126ce6636e2cc8aa39d4d4f2cb9c72ebdee9b7ce985e6ca7663c30500e0003908f41f472db84699b75cb6dc2393729f561a16d317bc1a3ce8365ed67fd07f1c23f581778d81a43147a061a806b4af18f416d3485b1d9e6cfdc8a481c5ce4a3c49023cf76eb434c6666356624b1e24eb016b030a7096f06448702146c9637c54b9b2488f48ec459ba3b1ca1f647a00bfcb1c3769ae8fd96d3d0f09567cf4ab348978cf8be28f41dc898644b1f66be649fd6016be81ab5d49f48c1d0104100820820e608391046f11b043180973876da6cbccbaed0b3e48264970f28e7fe1cc071744c786591de3bc18ed160b5ace969350d55d55d7eeb0a8f1ce15bac72e7cb6973143a30a329de3f43dfba01ecb5826584b59198bcaab3d9a61d709cde4b70607ac388248d081772e6457182c948037e6cdcbb42b0c2b9eaa7b2dff13de20f830c6285cf3f6d4ec54cb3966960951aa1eda0fe65ef1fd62a2ab9c7a7ef3909346022afba9aad7793b87ce99031ca76d7621958cc96063d4aa8a2b8de5783711bfe66859d983957dd12e5d805b2ef94cc0b2ba00580cd27a554e672ad54f9911cbef2b13497696e28ca687f423b8eb1d9fd91bf4b629b25c5424e229c15d54f9e20c62b3ed36e029fe2019a7558fc5289eab781f9f74722f96583b25cd1c9cc690eab1b19208dc5753daa72494ed31a54e8aa33663dc067069494565814b2f088d64b23bb05556663a2a82c4f80ce3b0ec54b367b0aacd065b03318870c9916246a29a522c1b37b3d2ace825c95032ebb903139f898ef3dda083169bbca8ea9c4490a1694c4c77573cb79e0013183a8d4cb54b9611db3f9b1dae11ab793dcf31ce11a5563b7ed8fb39b314337a65b3ce3a0a0125df523001881fb439911c6ad16732dcab0a1068446fc73859d988fbcb2ba7a963b16c3da6622cc579185d5585663570b0a8a8c1ae71d33636d76f901655a5a44d940503f48e66a81a0ec51c7320f7c547652f74fd9915b54aaf80355f423ca0c0bca51de445674d925fd178ce95d727495b64b7e1116db60498328a2cbb67c3320858afb75201ce242dba979293d25172c27f332b6594a1a4698b1cf93d2a62df0127598aeb1e8f49a9f1a09bd99e4f5ba754dae317923031be518d2563621a436fa0a45ee0eb459ab34341f9072103a78ceb1b56d61452b1e4789a6eec1eab4125e1221ed75bfa37384453591a6d5a9177b6c8e9eaacb9f180f66b9274a2461254c7632ccb766a4a50f0f931b95a45a18b9dc3629b316a1c881c9713e3cd4d22cd77b7454021faa956e4c3b351669fdd34cefda64fbd58ca46d1cd4ed083eaeb3450eb02adf76e1a9a544123a683d9bc32478c49ed64132bbed236804fb0141913365d790ab7cc08e3934c74adbbb521b36003add2af900d58e693612b22e32c334613ae6b9a0b0998082b70d9fa49f253e39b293c19d54fce05458b6296b6db2ff00fbcafe3102611176f6b56122db226fbb325aa7e29730d7d262794755ba8ff832fee2fca2abed4aee336c5d2a8eb487137f0765fc3307f0c1ed9f4579086adbfdf9bc491ef70221693ca4329750c561468e808d1dc0e1553eac09f58896eb6b49d41238d0509e150453ca2874270c47f7df03acb7c4a7a55b09e0721f98e50441884c0f112f2b589484d403a0df9f70df12e205e97709c0674615a1e7a823c221004b6f9b31b04beae23bbb44ef666fa5321071aec532ba36353ae2399c7c7fbdd185d57589352482c72a8d02f011baf3bce4d990cc9d30228de77f20333e11c48eb643b9ae812264e70a17a61299c0fdf2e357603bfaa79931a76b6ed59d24922b405587196d91f2d7ce02da3da85854d02ce61c42a28f26607d20b5d1b5d62b6f512680cd97473014635dc2b931e44c5dc65d5954d1c56e7ba07ed6f67982a30cc53e02aac381d088bcfb3cd9c36633a63d0b13d1a1cbfcb1462c399a7e582c9b3405e12e653299669e8c7ffba5baa86fcaebf960bddb2f0cb51cc9e6c4b7eb08f12b9aab0bb85a20b9bf009d8270439e860b5da43cc67a8a2008bf7d806734ee52801fb4c200889dd274563671fba99307360587cc7940b842729bcf4481eb9f2a58eade0a5ed75e8b699b8d493da15dc25d7a817c0623dec7808e7fb5777e35e954759726ef4e3e1f28b1bc6a750c083a1041e4728d0f11f3731e97d8e1ecfe0f62abb1c826cf5905d504d214335681fdd196f3a73223aa4bf6723deb49f0963f578a925c7679aaac646134cccb6c198c8e4081a83ba2db22f29ca00e9a61a002acc4934e277982cb5b34b1178f91e4a5a48f36648856df67ee819a5da2b4202aba15c6c694008634a9200ca35ddf75ce9137a3b48a7c2c0d5580deadbfe707ecbb44c9fe6d1c6ead1483ce9137ff003d659d459aa295a82e1597169507718ed7ae97dbdc1dba4cc7107827d9540500440bc6ca5ce504a659c8c2656103de524d0a9d18100d08f23588b69b4b0ad11cd091d8994c8ea0d28477c69e9b55093f2bc3f89e7b55a1ba1d567e28126eb68873ecacbac17976e2c69e71b2d8a0ac69c6e9a7b99725d8ae5a4e15ac54ed56d62c69a45b6f7974431489d3829223375ae31b398f5dc0f433d456f9b648ebfd12f0112acd35464408a8ff00e55cc6fb3de0c758c774cdee87172f72ebd14b6dc2225aae546d2215db6b2c287582367b5d0d0c2eafba896cf0727a6858bd4aedaac4f24d4691becb31a702b4ce2cf325acc19881cdd1590177ad3705567663f0aa28258f7011af5f145657892f31953e1a95995d0e37ed46edfd98ca07572ed4ee5007f3450a4d8264d0e510b096a5dc8d1106f2774764be764ed37bda0daad67f6692a30499230b4de88126ad4aaa3126a753ba99469b5582559acb68912568ad2a603bcb1284558ef316ab37cb1df01ec9ad3c1617738b110676566e0b559db84f924f2e916be90226c6fb1cd2a432ea0823ef0cc4098da67aa27c8575646155605581dea4508f23103676c4d225094dee5101d712a0c28fe28109fb58a26586d4b3a5a4d5355745753f65d430f9c6e6600549a0199272000de4c26366518ba820820107507788e7f78edb5a6d535a4dd927a4c3da9c454731888555e058e7b842c7b412863224cee283a1c54dfd9c3e84c5b9195e6411be2c5d0be5d96cd7f51e112b67af060e2531aab570d7dd602b41dc403e34e302df6885b25852865cd463d24b60cae869a15615a1ae47bb769122e490664e5e0a43b1e0174f334f581358780bd517410f0c21e2c50c5eb4cb5dd5d2b1427b8def6b419b38b2d925b1596b9ab5a19490d33eca56a01e1a52a49bf111a48c002a26400000c20281901cb903164f071ac91ac573d9e4ae19522520fb2899f7934a93de606df7b1d63b5838a4847fde4a011abc4d051bc418276469ad883e114661955aabaa9ae4342069ba325b27598b12c0d0d0934c5a35545148a05d47189964c02f676c568b393267b09e8a3fc19fef804f5a5cc077e841a9ae75dd0f2570803865075140140001c06420261c2587db7a722e48f42233389acc13f887a3a8e4c4cbdcff00e81e9a7ecf972c022256274d9026d8da5834ac869753b98294a93dc445f823de71f82fdc5f883e575cbb27fc1cb261ce055b6f5c0d854034ed7d046bbc6f7ca89a9199e07781df01067de7e6634614f791e96ed5a4b107f997db970994ae0768b9ad33a198c441188b77c8e8e5a26f5500fdea667ceb1261293dde0c193cb6cc1e611b8f3143e9ac6b6a1dc0f2c9bfbf18d8cd4dc7c33f48c7261b8f0ffb888a922e8b5740e197302bd4270eea5010321e062d166da796c68c8c9e4c3cc4534caffa39e7cf58d88c77fa1ac77271c533a04b9f267e8558ff00b872ae6221dbec3a9c7814680e27a9240038835ca9d626a22913666edfc0d457911bfe5136eebf26c922ac5d46e6cc81dff51f583557d95ef162f6e96bb3de8a604db2b44eb3b6098b86a2aa750c3b8f76f8a6e077eb476abeeeeb3deb67098c2b76a5b645a5befcabd6046446fc8ee100e4ec519002555f7e2ae1f43ca1b85eacde6f718b7572aea51ae3d3d0229654a650f65b3d0d2245a65f44691b94839c36a49ad8c9794f732b3cbc0c227db64d407111926413966ab0adf4f881216b83c98ddd69c42245be5e243ca20495c2f48275ca315a75c9af41e9e249497739edaefd790cd2deb4dd00e65ed2e62b827556f9183bb6b61a9c423965e329d4919e7f28dfd0de94731eac4acd2bb3de59480126cc6632a8d4903fac10b9aecc76b97218e4d3925b11f0970091e11b2cd28a76467c637ddb35a55a9276124cb6498471c247d22f286db05507d59e81baa42495e810615961422d49a4a23ab99cf50cbf8603edcace9d2e5d92464d6872aedb92ce8314c63dd9a8efad37c16e90565cd53556016bc55e8659f3a0fc6627802b5a67a577d0d2a3d079467e70f236d6d820dc773cab1c9593285146649a6277deec7793e99019410a42878e67270117d5ccb3c870009aa080da12875427854547080964699659a199481a38e287523891a8f11be2dd326aaf6881cc811185e32d8d1314c3c25ab3fcb2898c96ce097ae869e598f18ceb11c25a5fb1230f0335d5478aad488de9734f6edcf0a3789483d1dbe91755c9f604ec8aee226233dbe5834c60b7c2b566f25ac1195b3f2466c1a69e33199bfdb92fa4129121258a22aa8e0a001e91754beec1bbd762be04e7ec486e7308963cb36f4807b4d22d0aa15a753121386582a011b8bd711dda523a0454f6f05150fd999e81608aa8a28ee9326235403c738037f5b56438c409c62a294d5681b5fc3e707a58a00380022bdb6c80c953ef07a8e584e2f4f50233f5152b20d31dae5860a9db423dd43f8881e82063deb326565b31c22acaa325a1356cb79c449cfe21102b1830aefa11a11ba13d0d91d3dbcd8dbb97d5d1e3d7cabaf6025ff7530733114956cd80152adbcd06e3af71ac36cc583a499d211d543977ccdc3c35f28b04b677c8507dbe1c94ea7c69c781992a585141fd4939924ef278c6bea7510947fe6fa8b69a57c61e1d8ba6c6d10d8c695cf84356354d6033209ef02a47ebe519e1cde4c618456bbffbd78c6a0d5cd4d7b8fcaba8f58cd1abb88ee3130433ac60f33c46fa6be5be1cc6a6cfb8fa1fac4441a63545451870dfcc1e31856a3790378ed2fd7fbd61c21d7b27cd5bc3fb3ce32caa2b9353d3857788b10ce5cc65ca80efa8cabe1b8fa728b148da87c2014534cb3c55f1cf58adcc407f42351080e201efca39938d17dbd25065ef80d25c8ca25ace2c738cd6cf9d6366a58463df3e67942b2b1df062ccf10acf642627cb91862f6dd5c16015719cb735b9ebc4cc5944655ce339af411e73516294dc91b35c5f2a403bfacc666822ab6db956bd6022f32df324c53b6a2d757ea98d6e156394791ad85b51983e68c8aade575894dd519445fd9f7d332057c3fee0a34e2758c7a58d6f648923c52d8ac16ed85bc84e906cefda9428389927b2477a9cbc162d7659d8973d412adf78647c0ea3b888e5762b69933166264ca7c08dea7b888e8576de92e7289a87aac42cc075973345c5e82bbfabba33f55a775bcae8169d42b739ea49bc27cc57961595519b0b315c4549d37d3fea0a4bd9e24d665a26b0f8570cb1fed15f58856bb389a850e55d0f061983e705eedb7e29419c85651866d48a2ba8eb1278114607830302a945adc97392e83c9b86ccb9f42a4f17ab9ff7d6279c28bb95472000fd2396ed77b5e972b14bb1289ac32339ebd18fb8a337e66839c727bf3696d56c6acf9ef33ec93441ca58a28f0107d900e56fa9e84bdfda1ddb662435a55d87bb2434d35e04af547891150bc7db54b1fe4591dbbe6baa78e140d5f311c96edbb264f2280804d2b426a7828df179ba761a942c02f7bf5dbf28c8455cf0335691cb7ec3dabdae5e533fcb4928376196ec7cd988f481768f68d7b1d6d0ebca5491fc91714d9497be639e5807a106309bb269eecc61f7803f2a4579c67d8a3ebf42903da45e9ffcc7fc923fe104ae1daeb7dbed567933a7748a6600414943a9da999aa8f75632beb658a825d032fc6bbb9ef1e39414f65db3665ce99686cd557a39478bb50b9e61683f19e111cf6036699c0e9d58a96d5db03385ae480d7ef1ccf9003d60edef7889095f78e4a3bf89ee11419934cc639d45733f13d73f007d7918518482ee56b682f56b294a2060e1880495c34232d0d726115e99b4b399949a2ad412aa298941cc12733a522d1b5f7619e8854f594b52bbea01a7776623582c2a24a23a034515040346399d7bc989185515cd8dcace536f19d83d2ade84022b4201195323a4642de9f687e127e503654a0a005140320068077467dd027147422b3d1b46cf8548f48d984f1f3a44295609afa4a73f8580f339410b3dcb691a00bdcccb4f215a40677551eb25f32ca2df6343509ceaadb8f1e477f23e51ba5d699d2bddfde50412e5987532c71cd8e7f9446e172b7c63c89fd4401eb685f6bf52de1cbd0170c4416ffc29fde0fc87fe51835c8fba62f8a30fe68afb751f7be8ff00827872f405c613101143fd41e20f18286e699f121f161fa18c1ae99a3e13c9bea045d6b297f689e1cbd0172c9d0f9ee23f43dd1b2244cb14d5d65b7851bf84988ec6991c8f0391f23068d9197bacae1aea5a24b41ab24aae7002c47ad48b2cb98157587e17793610baa5937d4088f326126823589d88c6e4a0842eba2b6cee5abadb666a28220dbad341195aed4008128c673e5a084a1176c94223ea3cab9985aea50ca6bbe2bdb4b711ae25116c9567c2b946c5a30ce356b9cb49624ba0859156c5c91ca265dae3dd31a1ac8c3718eba2c687dd11a275d32cfba23d0475394644b28e48d248dd11e4db264999891a848a11aab29d5594e4c3b8c7559b714a3eec54369767ba360ca328bcac525864aac7cdb160d97be1a6a849993688d5243aee049cf18efad40ad49ac36db5c936d766759330ab902a80d1672ad4896fe26a0f1d728857558d5118b8570a85ba3268cc695046fa8a65dec0d6a044cb0ed0aab74731aa05009bc7755f9907adc35e2712c928d8f94dd865c70ce096a96cac558104121810410c0d0820e86086cddced6a9c100cb53cb9ee11d876bf62e4de03a44225cea0a4c19acc14c8381ae5a30cf98ca04fb3dd97b459e64e973250573870b964c0cb9d709d4e8341c2b482a9f322423152f3740d5d1744bb3a80a33a50b533e4380ee823483722e15f7dd8f7251472a9a9f2a410b35db2259aaca5a8d19aaedf99aa7d63aa0c627ad82da2b255e54a2fd9566fba0b7ca240bb671ff49bc4a0f998b634c001272035272007381b6abcab94b188fc67b03bebeff865de23ae297503ed9649f9515fb4d866290ac83ad51da43d5f7988ae9f5037c6c67956494001455c9546acda9f127326326b7a0a90c66b9d48cea468310ea80380d33ca005b6c332d0d8a6cc007c2a09cb854e83c0d633b51ada6b78720ebc49af301ef0b63da1c92723a91c3e15e03bff005cc61225e2c905699514569dd96907e5dd5286a98beff587e53d5f4894f31506642a8e2428f58cbb38aae908fcc2aa8afb5cb3260a1017306ac47c85636c8d9851db984f7280bea6b13a75f9217dfc5f7413eba7ac419bb4cbeecb27ef103e5580bbb5b6fbab1f963f50f1d24a5d224e9372485ff4c1fbc59bd09a7a44e9729572550a3ec803e51579bb4734e8117c093ea7f488736f89edacd6f0a2ff000d22bec3a9b3df97cdb6331d0cfe08bbc33381a9039d0473f7b4bb769d9bef3337ccc6aa8e0208b853ef2fa7f619681f767406b64b1acc41cd97eb1acde527f7b2ff003afd62878a1628bffe547ef16f605ea5e4def207fac9e6212def20ff00ac9f9808a362858a3bff00950fbcc9ec0bd4be0bc649ff005a5fe74fac6e973d5bb2ca79107e51cf7146240de079455f095da5f438f41e92fa7f674730d140956b74ecbb2f26603c81a189897ecf03b75e6a9f480cb85d8bdd681bd0cfb3315bcdc1ad60958ef77634262b027c6e9135ab9030eca736b066bd3c59d1ac96a14856abcc28d62af6479ce28aa609592e77735987c203568ae93cbe8564ebafa98ceb53ce345069c62c970490a29be1acd6354140237c84c2d1b7a5a2bae3b7533751a894de3b0619061303d0d2b12ccceac409d342885b5d665a2da75b326591ab121e9016cd6f97f18896b6953a3083d75ddca9e45a6ebcb46f619c02da820851df04a65a40f78798af9402bc99a63834254721f3221886b230972dad2fc5a04f4d9c4a0b23cd632e53330aa129451c57366aeeae4bc85629535c8c67ed28f021465df998b9da313c9c0a30126ac49d77119577611e1021ee12dacc03307b24e86bc4708cbb75d473b7cc6b5754b1d087775e732ce42cb6a2d09c0455351bb76bba9162b2ed3ca75ff150af1cb1af3d2bdfa40c5b8b8ccf25a7eb191b8c7c67c547d606b8952bbfd184f064586cf7b486ec5a6878748e29dd81cd072a44b16b27ff0072c4773491ea16b145bc6ec645c470ba8cc9a7647120d72e27772a98cee8bb44ceb30a203400546261afe11a779af0cd87c460abe74f629e06f8c16cb45a92bd5066b035c4eccea878866273ee5f1a4699d30bf6cd470dde5f5ac6b02900af4da00b5595463bdcf64721ef7cb9c63d9aad46ae5cb1e9feeac729d365e228373a7aa0c4cc14716200f3301ed5b492d72452fde7aabeb9fa45627cf676c4ec58f1274e5b80ee11ac9866ae1915bd8f3fa1a95e857db615b4dfb39f460a3828a7a9cfca06bbd4d4d49e24927cce71ae1468574c21eeac0ec2a843a232c50d586850409b0f586850a3a4142850d10991cc2868558870786850c62107850d586ac420f58558686884352591d5f319562fd72d965328c85604d018dd26714cc467df73b374b079286cf0d976b1c945d008db32cf535115fb05f4a722738312adea77c128d6b82e5900bf4b26f289c9668cc002221b78e3112d5798190cd8e83ea7708ed9ab8f540a3a6977085a6d000cf21002f29cd34154f3390faf90862ecd9b3623e40721bbe7df1aad16a4962aec1477efe437c65d9aa729795658f574e1601766d9d00e29935dbb97aa3cf53e905a55951345f325be7016d3b4ca3b085bbd8e11e0333e6040cb45fd3db460838281f36a9f2a419c75b7fbd2c2fc70be4bf81aab87beaa3f3ff64b9d6234ebc64a64d3501e0596be51449f399fb6ccff007999bd098c03532d23b1e17f7a5f243b1d03fb4cbabdfb207bf5e4aff488efb492868b30f209fab454b142ac1970ca9756c347430f89693b4c9fbb6f3589777df72e71c39ab1d035287911fd229758c91c82083420820f023307ce24f86d4e3e5d99d9e8e18d8e88457fbdd10ee850b29547bb897f12bb2b7a831bacd3c4c4571ef283caa348d361c9a6af09848e4eaae7fdccd18986a2e3fef4fdcc96b720ed4dad911514d03e2c5c68b4cb91afa455098b26d72f5659fb4cbe2c01fe4315a8dde1c9782b1f1363478f0c50f18d61563406c7850d5868843285586ac2ac420f585586ac356210ca1ab18d634cdb5a2eac3cea7c84752c95724bab245615623c8b487cd41a712283c2b998d94898c11493dd193381bc4363e7e461010a384dc6c7cfc8c3e2fee861428e906c638c3d619a30e8c778e448f4063873732b1ed18df0624ded2dc6b1467b1b2eaa446b04ae860f2d2532e9b1e2dc3511df19fc0bd4d6a9aa9827609a48edc73b9379cc5df04ac97e77d213bf874f198b0d4eb397cb33a3cab3b1f7e1cd9ba360f8abd5653dd88a9af2ea7ac53655fcdb9a24d9ef4666188e519eb4d2cf2cb61c72caca616be6fc32cf472e98b7b1cc0a8ad00de69bce5ce2b73a7b31c4c493c4e6609ed2aa929357465c2df7d743e23f8602d61da34f5d71f2fccd7d1283ad492dcd98a1ab188855860770650a31ac3d62107850d58558841e1c18c2b0e0c4216dd96b46296c87dc6cbeeb663d714115349c7ed4b5239a3107f8d62b7b2d3e934afc4a7f329a8f42d160b51a4c92dc59e59ee0c85fe72d478c79ed5d7cb7c97aeffbfea61eaa3cb63ff7523ed2cbc5218ef52ac3cf09f46314f317db6c9e925ba7c4acbe6291400d515e30ef0b9791c7d18ee865b343c2ac635851a83e6558558c6b0ab1086558626235aad892c758f20353e1016d57b3be4bd51ddaf9fd22f1ae5217b7530afaf50eda2d689da603bb7f940d9f7cd7b0be2df41014124c5dbd9fec3b5e24cc984a59d1b0b30ed4c60012895c86a2adbab419e8cc685dcccbf88c92cf440ab92e9b5de33304a05be26270cb41c5c8c872cc9e1072f6d9eb358cf400f4f387f9d30e4887f752d38f166ad341435a751be6d12aeab1e1908b2fdc928065d2119bb5736a0ab127334d738e46cdde4e64927324935249de492493df12d9282c203a08cf553764fdd5f563690ab1aa7cdc2311d052bc89a5636030a1e8135d07ac2ac3428e1d1eb0ab0d0d588707ac286ac28842ed785cf2ca938469151b1ecd74ccc699572850a37675c5b5947c8f4bacbeaadb8c9985bb641d7b3002d3763a1a1530a142f6d6a3ee9b7c3f5d65ef96d49984bb34c0743162bb6c2ec2b9c285086a573472cd44fc392e52c975ddeb3d0ca63424647836e31599f2991991851949523bc1a1850a0514b94d2e1d6cbc6943b632635850a1470db142ac2851082ac2850a21050a142887497764ec1365b707507eeb755bd18c5cedbd8afc255fc118311e2011e30a146371158b20ccad72f32fc0906285784ac135d7831a72398f4221428a70c6fc46be07344fcf8f8118c62ee06a40e640850a3762b2f069ce5cb16c873af496bbf11fb3f5d207da2f973d9017bf53f486850dc6a8a322cd65b2e8f1f8031dc935249275261a1428289b619d9eb9dad331540ae260aa33eb31340397131e94ba6ea4b2c897250648b4d2956d59a9c4924f8c2851c83cb62bc47caa115dd64e57b797c7ed36a60a6b2e55652702c0ff0088de2c29c90718ac930a142563cc99e9b475c6ba6318fa1aa726252bc411e710ae9b554606ed2e5e03e90a14762b3164ba4e3645aefb046b0a142818c8d0a1e14438342a42851087ffd9, '1997-11-19', 'F', 28, '(51) 99432-1100', 'PIX', '45678901234'),
('Bruno Costa', 0xffd8ffe000104a46494600010100000100010000ffdb00840009060712101215131312151515171515151515151710151715101515181615151715181d2820181a251d151721312125292b2e2e2e171f3338332f37282d2e2d010a0a0a0e0d0e1a10101a352620252d2d2f2d2f2d2f2d2d2d2d2d2d2d2e2d2d2d2d2d2d2d2d2d2d2d2d2d2f2d2d2d2d2d2d2d2d2d2d2d2f2d2d2d2d2d2d2d2d2dffc000110800a8012c03012200021101031101ffc4001c0000010403010000000000000000000000050001040602030708ffc4004410000200030504070505060601050000000102000311040512213106415171132232618191a1074252b1d162728292c11453b2c2e1f0233343a2d2f1152444546373ffc4001b01000203010101000000000000000000000304000205010607ffc400311100020201020403050901010000000000000102031104210512314113225114326191a142527181b1c1d1e1f02315ffda000c03010002110311003f00e58f0c8b13edf67a18cac7237986a16294720ec5cac29b3362131bad16c9bb38a47562b1773e06148e95760c480f74394f2ce3868cdbe52e6ca29569b95d3746dbbef49b673be2fc6ce0eb153db2b5d9ace953db3d951a93fa0ef85754a305b770ba6729cb1e845da2dbd7590513298e281be05dedcf87f48e533e65637db6d25d8b1d4ff74884c6118c231f74d54dbea3130a1a1c442c64823a5fb28bafa47672322427e1518dff009639bc911ddbd9358b05943919904fe7627f842c0ed7e5095adcbc4f90b31191855594ab0e2ac2847918f32df977359a74c92fda96e50f7d346e44508ee223d3f1ccbdaf6cc998a2db2c54a00b380df2c7666785687ba9c2295bc3c169aca00fb1f9a3a67967306869c415653f3104fda0ec496266ca1d6ddc1c0f749dce3713afcab1ecd2d5d15be503a39c1e24823e47ce3bdcc94181561507506393ca9651d8ef1c33ca968b3b212181041a1041041e04447223bb6d96c3a4e0580390c9c0eb2f730f797fbca390df571cdb3351d723d9619ab723c7bb582c66a40e50680f1924b26a40d054f70a815f323ce11489f724f12e721600a9385c1d0cb718581f027ca2eca2071118c1fda6b8cd966659cb6cd1be6a4f11ea201308e279dd1d69ad868421428e9c33971d73d92a7fe9e69e33e9e52d3fe51c9254763f65c986c64f19ce7c9507f2c677147ff0fcd0c69979ce4f78b56639e2cdf331b2e8bc6659e62cc96d461e446f561bc188f6b3524f7988ea6346b6d6302d349e533bd5c77ca4d969354e4c331f0b68ca7918b7d9ed2b316382ec4de204c1259b0acc230926804d390af0ae9ce91d565d96d12c500306d4daec71927868574fa755a945f42c4f6700c43bcad2a168220c933c76eb10add5ac1f4f5d97c939f442d7dd55107c9bb64568404600c660c6f9e77393628876d2195e3239c5248246582937e4eabd2224b9048ad227deb65267538c59eedb9d44b151189a9ba346c6e515bb964a25b2c647684460948e91b47624697403ad1cfe7ca2a686174925841ed4f3962b28eb08e91744c612c754e91cf2c1db1ce3b1dc7325f44ba6904536ba32b0697587315fbd6f2b4229126ce6636e2cc8aa39d4d4f2cb9c72ebdee9b7ce985e6ca7663c30500e0003908f41f472db84699b75cb6dc2393729f561a16d317bc1a3ce8365ed67fd07f1c23f581778d81a43147a061a806b4af18f416d3485b1d9e6cfdc8a481c5ce4a3c49023cf76eb434c6666356624b1e24eb016b030a7096f06448702146c9637c54b9b2488f48ec459ba3b1ca1f647a00bfcb1c3769ae8fd96d3d0f09567cf4ab348978cf8be28f41dc898644b1f66be649fd6016be81ab5d49f48c1d0104100820820e608391046f11b043180973876da6cbccbaed0b3e48264970f28e7fe1cc071744c786591de3bc18ed160b5ace969350d55d55d7eeb0a8f1ce15bac72e7cb6973143a30a329de3f43dfba01ecb5826584b59198bcaab3d9a61d709cde4b70607ac388248d081772e6457182c948037e6cdcbb42b0c2b9eaa7b2dff13de20f830c6285cf3f6d4ec54cb3966960951aa1eda0fe65ef1fd62a2ab9c7a7ef3909346022afba9aad7793b87ce99031ca76d7621958cc96063d4aa8a2b8de5783711bfe66859d983957dd12e5d805b2ef94cc0b2ba00580cd27a554e672ad54f9911cbef2b13497696e28ca687f423b8eb1d9fd91bf4b629b25c5424e229c15d54f9e20c62b3ed36e029fe2019a7558fc5289eab781f9f74722f96583b25cd1c9cc690eab1b19208dc5753daa72494ed31a54e8aa33663dc067069494565814b2f088d64b23bb05556663a2a82c4f80ce3b0ec54b367b0aacd065b03318870c9916246a29a522c1b37b3d2ace825c95032ebb903139f898ef3dda083169bbca8ea9c4490a1694c4c77573cb79e0013183a8d4cb54b9611db3f9b1dae11ab793dcf31ce11a5563b7ed8fb39b314337a65b3ce3a0a0125df523001881fb439911c6ad16732dcab0a1068446fc73859d988fbcb2ba7a963b16c3da6622cc579185d5585663570b0a8a8c1ae71d33636d76f901655a5a44d940503f48e66a81a0ec51c7320f7c547652f74fd9915b54aaf80355f423ca0c0bca51de445674d925fd178ce95d727495b64b7e1116db60498328a2cbb67c3320858afb75201ce242dba979293d25172c27f332b6594a1a4698b1cf93d2a62df0127598aeb1e8f49a9f1a09bd99e4f5ba754dae317923031be518d2563621a436fa0a45ee0eb459ab34341f9072103a78ceb1b56d61452b1e4789a6eec1eab4125e1221ed75bfa37384453591a6d5a9177b6c8e9eaacb9f180f66b9274a2461254c7632ccb766a4a50f0f931b95a45a18b9dc3629b316a1c881c9713e3cd4d22cd77b7454021faa956e4c3b351669fdd34cefda64fbd58ca46d1cd4ed083eaeb3450eb02adf76e1a9a544123a683d9bc32478c49ed64132bbed236804fb0141913365d790ab7cc08e3934c74adbbb521b36003add2af900d58e693612b22e32c334613ae6b9a0b0998082b70d9fa49f253e39b293c19d54fce05458b6296b6db2ff00fbcafe3102611176f6b56122db226fbb325aa7e29730d7d262794755ba8ff832fee2fca2abed4aee336c5d2a8eb487137f0765fc3307f0c1ed9f4579086adbfdf9bc491ef70221693ca4329750c561468e808d1dc0e1553eac09f58896eb6b49d41238d0509e150453ca2874270c47f7df03acb7c4a7a55b09e0721f98e50441884c0f112f2b589484d403a0df9f70df12e205e97709c0674615a1e7a823c221004b6f9b31b04beae23bbb44ef666fa5321071aec532ba36353ae2399c7c7fbdd185d57589352482c72a8d02f011baf3bce4d990cc9d30228de77f20333e11c48eb643b9ae812264e70a17a61299c0fdf2e357603bfaa79931a76b6ed59d24922b405587196d91f2d7ce02da3da85854d02ce61c42a28f26607d20b5d1b5d62b6f512680cd97473014635dc2b931e44c5dc65d5954d1c56e7ba07ed6f67982a30cc53e02aac381d088bcfb3cd9c36633a63d0b13d1a1cbfcb1462c399a7e582c9b3405e12e653299669e8c7ffba5baa86fcaebf960bddb2f0cb51cc9e6c4b7eb08f12b9aab0bb85a20b9bf009d8270439e860b5da43cc67a8a2008bf7d806734ee52801fb4c200889dd274563671fba99307360587cc7940b842729bcf4481eb9f2a58eade0a5ed75e8b699b8d493da15dc25d7a817c0623dec7808e7fb5777e35e954759726ef4e3e1f28b1bc6a750c083a1041e4728d0f11f3731e97d8e1ecfe0f62abb1c826cf5905d504d214335681fdd196f3a73223aa4bf6723deb49f0963f578a925c7679aaac646134cccb6c198c8e4081a83ba2db22f29ca00e9a61a002acc4934e277982cb5b34b1178f91e4a5a48f36648856df67ee819a5da2b4202aba15c6c694008634a9200ca35ddf75ce9137a3b48a7c2c0d5580deadbfe707ecbb44c9fe6d1c6ead1483ce9137ff003d659d459aa295a82e1597169507718ed7ae97dbdc1dba4cc7107827d9540500440bc6ca5ce504a659c8c2656103de524d0a9d18100d08f23588b69b4b0ad11cd091d8994c8ea0d28477c69e9b55093f2bc3f89e7b55a1ba1d567e28126eb68873ecacbac17976e2c69e71b2d8a0ac69c6e9a7b99725d8ae5a4e15ac54ed56d62c69a45b6f7974431489d3829223375ae31b398f5dc0f433d456f9b648ebfd12f0112acd35464408a8ff00e55cc6fb3de0c758c774cdee87172f72ebd14b6dc2225aae546d2215db6b2c287582367b5d0d0c2eafba896cf0727a6858bd4aedaac4f24d4691becb31a702b4ce2cf325acc19881cdd1590177ad3705567663f0aa28258f7011af5f145657892f31953e1a95995d0e37ed46edfd98ca07572ed4ee5007f3450a4d8264d0e510b096a5dc8d1106f2774764be764ed37bda0daad67f6692a30499230b4de88126ad4aaa3126a753ba99469b5582559acb68912568ad2a603bcb1284558ef316ab37cb1df01ec9ad3c1617738b110676566e0b559db84f924f2e916be90226c6fb1cd2a432ea0823ef0cc4098da67aa27c8575646155605581dea4508f23103676c4d225094dee5101d712a0c28fe28109fb58a26586d4b3a5a4d5355745753f65d430f9c6e6600549a0199272000de4c26366518ba820820107507788e7f78edb5a6d535a4dd927a4c3da9c454731888555e058e7b842c7b412863224cee283a1c54dfd9c3e84c5b9195e6411be2c5d0be5d96cd7f51e112b67af060e2531aab570d7dd602b41dc403e34e302df6885b25852865cd463d24b60cae869a15615a1ae47bb769122e490664e5e0a43b1e0174f334f581358780bd517410f0c21e2c50c5eb4cb5dd5d2b1427b8def6b419b38b2d925b1596b9ab5a19490d33eca56a01e1a52a49bf111a48c002a26400000c20281901cb903164f071ac91ac573d9e4ae19522520fb2899f7934a93de606df7b1d63b5838a4847fde4a011abc4d051bc418276469ad883e114661955aabaa9ae4342069ba325b27598b12c0d0d0934c5a35545148a05d47189964c02f676c568b393267b09e8a3fc19fef804f5a5cc077e841a9ae75dd0f2570803865075140140001c06420261c2587db7a722e48f42233389acc13f887a3a8e4c4cbdcff00e81e9a7ecf972c022256274d9026d8da5834ac869753b98294a93dc445f823de71f82fdc5f883e575cbb27fc1cb261ce055b6f5c0d854034ed7d046bbc6f7ca89a9199e07781df01067de7e6634614f791e96ed5a4b107f997db970994ae0768b9ad33a198c441188b77c8e8e5a26f5500fdea667ceb1261293dde0c193cb6cc1e611b8f3143e9ac6b6a1dc0f2c9bfbf18d8cd4dc7c33f48c7261b8f0ffb888a922e8b5740e197302bd4270eea5010321e062d166da796c68c8c9e4c3cc4534caffa39e7cf58d88c77fa1ac77271c533a04b9f267e8558ff00b872ae6221dbec3a9c7814680e27a9240038835ca9d626a22913666edfc0d457911bfe5136eebf26c922ac5d46e6cc81dff51f583557d95ef162f6e96bb3de8a604db2b44eb3b6098b86a2aa750c3b8f76f8a6e077eb476abeeeeb3deb67098c2b76a5b645a5befcabd6046446fc8ee100e4ec519002555f7e2ae1f43ca1b85eacde6f718b7572aea51ae3d3d0229654a650f65b3d0d2245a65f44691b94839c36a49ad8c9794f732b3cbc0c227db64d407111926413966ab0adf4f881216b83c98ddd69c42245be5e243ca20495c2f48275ca315a75c9af41e9e249497739edaefd790cd2deb4dd00e65ed2e62b827556f9183bb6b61a9c423965e329d4919e7f28dfd0de94731eac4acd2bb3de59480126cc6632a8d4903fac10b9aecc76b97218e4d3925b11f0970091e11b2cd28a76467c637ddb35a55a9276124cb6498471c247d22f286db05507d59e81baa42495e810615961422d49a4a23ab99cf50cbf8603edcace9d2e5d92464d6872aedb92ce8314c63dd9a8efad37c16e90565cd53556016bc55e8659f3a0fc6627802b5a67a577d0d2a3d079467e70f236d6d820dc773cab1c9593285146649a6277deec7793e99019410a42878e67270117d5ccb3c870009aa080da12875427854547080964699659a199481a38e287523891a8f11be2dd326aaf6881cc811185e32d8d1314c3c25ab3fcb2898c96ce097ae869e598f18ceb11c25a5fb1230f0335d5478aad488de9734f6edcf0a3789483d1dbe91755c9f604ec8aee226233dbe5834c60b7c2b566f25ac1195b3f2466c1a69e33199bfdb92fa4129121258a22aa8e0a001e91754beec1bbd762be04e7ec486e7308963cb36f4807b4d22d0aa15a753121386582a011b8bd711dda523a0454f6f05150fd999e81608aa8a28ee9326235403c738037f5b56438c409c62a294d5681b5fc3e707a58a00380022bdb6c80c953ef07a8e584e2f4f50233f5152b20d31dae5860a9db423dd43f8881e82063deb326565b31c22acaa325a1356cb79c449cfe21102b1830aefa11a11ba13d0d91d3dbcd8dbb97d5d1e3d7cabaf6025ff7530733114956cd80152adbcd06e3af71ac36cc583a499d211d543977ccdc3c35f28b04b677c8507dbe1c94ea7c69c781992a585141fd4939924ef278c6bea7510947fe6fa8b69a57c61e1d8ba6c6d10d8c695cf84356354d6033209ef02a47ebe519e1cde4c618456bbffbd78c6a0d5cd4d7b8fcaba8f58cd1abb88ee3130433ac60f33c46fa6be5be1cc6a6cfb8fa1fac4441a63545451870dfcc1e31856a3790378ed2fd7fbd61c21d7b27cd5bc3fb3ce32caa2b9353d3857788b10ce5cc65ca80efa8cabe1b8fa728b148da87c2014534cb3c55f1cf58adcc407f42351080e201efca39938d17dbd25065ef80d25c8ca25ace2c738cd6cf9d6366a58463df3e67942b2b1df062ccf10acf642627cb91862f6dd5c16015719cb735b9ebc4cc5944655ce339af411e73516294dc91b35c5f2a403bfacc666822ab6db956bd6022f32df324c53b6a2d757ea98d6e156394791ad85b51983e68c8aade575894dd519445fd9f7d332057c3fee0a34e2758c7a58d6f648923c52d8ac16ed85bc84e906cefda9428389927b2477a9cbc162d7659d8973d412adf78647c0ea3b888e5762b69933166264ca7c08dea7b888e8576de92e7289a87aac42cc075973345c5e82bbfabba33f55a775bcae8169d42b739ea49bc27cc57961595519b0b315c4549d37d3fea0a4bd9e24d665a26b0f8570cb1fed15f58856bb389a850e55d0f061983e705eedb7e29419c85651866d48a2ba8eb1278114607830302a945adc97392e83c9b86ccb9f42a4f17ab9ff7d6279c28bb95472000fd2396ed77b5e972b14bb1289ac32339ebd18fb8a337e66839c727bf3696d56c6acf9ef33ec93441ca58a28f0107d900e56fa9e84bdfda1ddb662435a55d87bb2434d35e04af547891150bc7db54b1fe4591dbbe6baa78e140d5f311c96edbb264f2280804d2b426a7828df179ba761a942c02f7bf5dbf28c8455cf0335691cb7ec3dabdae5e533fcb4928376196ec7cd988f481768f68d7b1d6d0ebca5491fc91714d9497be639e5807a106309bb269eecc61f7803f2a4579c67d8a3ebf42903da45e9ffcc7fc923fe104ae1daeb7dbed567933a7748a6600414943a9da999aa8f75632beb658a825d032fc6bbb9ef1e39414f65db3665ce99686cd557a39478bb50b9e61683f19e111cf6036699c0e9d58a96d5db03385ae480d7ef1ccf9003d60edef7889095f78e4a3bf89ee11419934cc639d45733f13d73f007d7918518482ee56b682f56b294a2060e1880495c34232d0d726115e99b4b399949a2ad412aa298941cc12733a522d1b5f7619e8854f594b52bbea01a7776623582c2a24a23a034515040346399d7bc989185515cd8dcace536f19d83d2ade84022b4201195323a4642de9f687e127e503654a0a005140320068077467dd027147422b3d1b46cf8548f48d984f1f3a44295609afa4a73f8580f339410b3dcb691a00bdcccb4f215a40677551eb25f32ca2df6343509ceaadb8f1e477f23e51ba5d699d2bddfde50412e5987532c71cd8e7f9446e172b7c63c89fd4401eb685f6bf52de1cbd0170c4416ffc29fde0fc87fe51835c8fba62f8a30fe68afb751f7be8ff00827872f405c613101143fd41e20f18286e699f121f161fa18c1ae99a3e13c9bea045d6b297f689e1cbd0172c9d0f9ee23f43dd1b2244cb14d5d65b7851bf84988ec6991c8f0391f23068d9197bacae1aea5a24b41ab24aae7002c47ad48b2cb98157587e17793610baa5937d4088f326126823589d88c6e4a0842eba2b6cee5abadb666a28220dbad341195aed4008128c673e5a084a1176c94223ea3cab9985aea50ca6bbe2bdb4b711ae25116c9567c2b946c5a30ce356b9cb49624ba0859156c5c91ca265dae3dd31a1ac8c3718eba2c687dd11a275d32cfba23d0475394644b28e48d248dd11e4db264999891a848a11aab29d5594e4c3b8c7559b714a3eec54369767ba360ca328bcac525864aac7cdb160d97be1a6a849993688d5243aee049cf18efad40ad49ac36db5c936d766759330ab902a80d1672ad4896fe26a0f1d728857558d5118b8570a85ba3268cc695046fa8a65dec0d6a044cb0ed0aab74731aa05009bc7755f9907adc35e2712c928d8f94dd865c70ce096a96cac558104121810410c0d0820e86086cddced6a9c100cb53cb9ee11d876bf62e4de03a44225cea0a4c19acc14c8381ae5a30cf98ca04fb3dd97b459e64e973250573870b964c0cb9d709d4e8341c2b482a9f322423152f3740d5d1744bb3a80a33a50b533e4380ee823483722e15f7dd8f7251472a9a9f2a410b35db2259aaca5a8d19aaedf99aa7d63aa0c627ad82da2b255e54a2fd9566fba0b7ca240bb671ff49bc4a0f998b634c001272035272007381b6abcab94b188fc67b03bebeff865de23ae297503ed9649f9515fb4d866290ac83ad51da43d5f7988ae9f5037c6c67956494001455c9546acda9f127326326b7a0a90c66b9d48cea468310ea80380d33ca005b6c332d0d8a6cc007c2a09cb854e83c0d633b51ada6b78720ebc49af301ef0b63da1c92723a91c3e15e03bff005cc61225e2c905699514569dd96907e5dd5286a98beff587e53d5f4894f31506642a8e2428f58cbb38aae908fcc2aa8afb5cb3260a1017306ac47c85636c8d9851db984f7280bea6b13a75f9217dfc5f7413eba7ac419bb4cbeecb27ef103e5580bbb5b6fbab1f963f50f1d24a5d224e9372485ff4c1fbc59bd09a7a44e9729572550a3ec803e51579bb4734e8117c093ea7f488736f89edacd6f0a2ff000d22bec3a9b3df97cdb6331d0cfe08bbc33381a9039d0473f7b4bb769d9bef3337ccc6aa8e0208b853ef2fa7f619681f767406b64b1acc41cd97eb1acde527f7b2ff003afd62878a1628bffe547ef16f605ea5e4def207fac9e6212def20ff00ac9f9808a362858a3bff00950fbcc9ec0bd4be0bc649ff005a5fe74fac6e973d5bb2ca79107e51cf7146240de079455f095da5f438f41e92fa7f674730d140956b74ecbb2f26603c81a189897ecf03b75e6a9f480cb85d8bdd681bd0cfb3315bcdc1ad60958ef77634262b027c6e9135ab9030eca736b066bd3c59d1ac96a14856abcc28d62af6479ce28aa609592e77735987c203568ae93cbe8564ebafa98ceb53ce345069c62c970490a29be1acd6354140237c84c2d1b7a5a2bae3b7533751a894de3b0619061303d0d2b12ccceac409d342885b5d665a2da75b326591ab121e9016cd6f97f18896b6953a3083d75ddca9e45a6ebcb46f619c02da820851df04a65a40f78798af9402bc99a63834254721f3221886b230972dad2fc5a04f4d9c4a0b23cd632e53330aa129451c57366aeeae4bc85629535c8c67ed28f021465df998b9da313c9c0a30126ac49d77119577611e1021ee12dacc03307b24e86bc4708cbb75d473b7cc6b5754b1d087775e732ce42cb6a2d09c0455351bb76bba9162b2ed3ca75ff150af1cb1af3d2bdfa40c5b8b8ccf25a7eb191b8c7c67c547d606b8952bbfd184f064586cf7b486ec5a6878748e29dd81cd072a44b16b27ff0072c4773491ea16b145bc6ec645c470ba8cc9a7647120d72e27772a98cee8bb44ceb30a203400546261afe11a779af0cd87c460abe74f629e06f8c16cb45a92bd5066b035c4eccea878866273ee5f1a4699d30bf6cd470dde5f5ac6b02900af4da00b5595463bdcf64721ef7cb9c63d9aad46ae5cb1e9feeac729d365e228373a7aa0c4cc14716200f3301ed5b492d72452fde7aabeb9fa45627cf676c4ec58f1274e5b80ee11ac9866ae1915bd8f3fa1a95e857db615b4dfb39f460a3828a7a9cfca06bbd4d4d49e24927cce71ae1468574c21eeac0ec2a843a232c50d586850409b0f586850a3a4142850d10991cc2868558870786850c62107850d586ac420f58558686884352591d5f319562fd72d965328c85604d018dd26714cc467df73b374b079286cf0d976b1c945d008db32cf535115fb05f4a722738312adea77c128d6b82e5900bf4b26f289c9668cc002221b78e3112d5798190cd8e83ea7708ed9ab8f540a3a6977085a6d000cf21002f29cd34154f3390faf90862ecd9b3623e40721bbe7df1aad16a4962aec1477efe437c65d9aa729795658f574e1601766d9d00e29935dbb97aa3cf53e905a55951345f325be7016d3b4ca3b085bbd8e11e0333e6040cb45fd3db460838281f36a9f2a419c75b7fbd2c2fc70be4bf81aab87beaa3f3ff64b9d6234ebc64a64d3501e0596be51449f399fb6ccff007999bd098c03532d23b1e17f7a5f243b1d03fb4cbabdfb207bf5e4aff488efb492868b30f209fab454b142ac1970ca9756c347430f89693b4c9fbb6f3589777df72e71c39ab1d035287911fd229758c91c82083420820f023307ce24f86d4e3e5d99d9e8e18d8e88457fbdd10ee850b29547bb897f12bb2b7a831bacd3c4c4571ef283caa348d361c9a6af09848e4eaae7fdccd18986a2e3fef4fdcc96b720ed4dad911514d03e2c5c68b4cb91afa455098b26d72f5659fb4cbe2c01fe4315a8dde1c9782b1f1363478f0c50f18d61563406c7850d5868843285586ac2ac420f585586ac356210ca1ab18d634cdb5a2eac3cea7c84752c95724bab245615623c8b487cd41a712283c2b998d94898c11493dd193381bc4363e7e461010a384dc6c7cfc8c3e2fee861428e906c638c3d619a30e8c778e448f4063873732b1ed18df0624ded2dc6b1467b1b2eaa446b04ae860f2d2532e9b1e2dc3511df19fc0bd4d6a9aa9827609a48edc73b9379cc5df04ac97e77d213bf874f198b0d4eb397cb33a3cab3b1f7e1cd9ba360f8abd5653dd88a9af2ea7ac53655fcdb9a24d9ef4666188e519eb4d2cf2cb61c72caca616be6fc32cf472e98b7b1cc0a8ad00de69bce5ce2b73a7b31c4c493c4e6609ed2aa929357465c2df7d743e23f8602d61da34f5d71f2fccd7d1283ad492dcd98a1ab188855860770650a31ac3d62107850d58558841e1c18c2b0e0c4216dd96b46296c87dc6cbeeb663d714115349c7ed4b5239a3107f8d62b7b2d3e934afc4a7f329a8f42d160b51a4c92dc59e59ee0c85fe72d478c79ed5d7cb7c97aeffbfea61eaa3cb63ff7523ed2cbc5218ef52ac3cf09f46314f317db6c9e925ba7c4acbe6291400d515e30ef0b9791c7d18ee865b343c2ac635851a83e6558558c6b0ab1086558626235aad892c758f20353e1016d57b3be4bd51ddaf9fd22f1ae5217b7530afaf50eda2d689da603bb7f940d9f7cd7b0be2df41014124c5dbd9fec3b5e24cc984a59d1b0b30ed4c60012895c86a2adbab419e8cc685dcccbf88c92cf440ab92e9b5de33304a05be26270cb41c5c8c872cc9e1072f6d9eb358cf400f4f387f9d30e4887f752d38f166ad341435a751be6d12aeab1e1908b2fdc928065d2119bb5736a0ab127334d738e46cdde4e64927324935249de492493df12d9282c203a08cf553764fdd5f563690ab1aa7cdc2311d052bc89a5636030a1e8135d07ac2ac3428e1d1eb0ab0d0d588707ac286ac28842ed785cf2ca938469151b1ecd74ccc699572850a37675c5b5947c8f4bacbeaadb8c9985bb641d7b3002d3763a1a1530a142f6d6a3ee9b7c3f5d65ef96d49984bb34c0743162bb6c2ec2b9c285086a573472cd44fc392e52c975ddeb3d0ca63424647836e31599f2991991851949523bc1a1850a0514b94d2e1d6cbc6943b632635850a1470db142ac2851082ac2850a21050a142887497764ec1365b707507eeb755bd18c5cedbd8afc255fc118311e2011e30a146371158b20ccad72f32fc0906285784ac135d7831a72398f4221428a70c6fc46be07344fcf8f8118c62ee06a40e640850a3762b2f069ce5cb16c873af496bbf11fb3f5d207da2f973d9017bf53f486850dc6a8a322cd65b2e8f1f8031dc935249275261a1428289b619d9eb9dad331540ae260aa33eb31340397131e94ba6ea4b2c897250648b4d2956d59a9c4924f8c2851c83cb62bc47caa115dd64e57b797c7ed36a60a6b2e55652702c0ff0088de2c29c90718ac930a142563cc99e9b475c6ba6318fa1aa726252bc411e710ae9b554606ed2e5e03e90a14762b3164ba4e3645aefb046b0a142818c8d0a1e14438342a42851087ffd9, '1990-07-10', 'M', 29, '(71) 99888-7766', 'Crédito', '56789012345');
INSERT INTO `paciente` (`nome`, `foto`, `dataNascimento`, `sexo`, `codigoEndereco`, `telefone`, `formaPagamento`, `cpf`) VALUES
('Juliana Martins', 0xffd8ffe000104a46494600010100000100010000ffdb00840009060712101215131312151515171515151515151710151715101515181615151715181d2820181a251d151721312125292b2e2e2e171f3338332f37282d2e2d010a0a0a0e0d0e1a10101a352620252d2d2f2d2f2d2f2d2d2d2d2d2d2d2e2d2d2d2d2d2d2d2d2d2d2d2d2d2f2d2d2d2d2d2d2d2d2d2d2d2f2d2d2d2d2d2d2d2d2dffc000110800a8012c03012200021101031101ffc4001c0000010403010000000000000000000000050001040602030708ffc4004410000200030504070505060601050000000102000311040512213106415171132232618191a1074252b1d162728292c11453b2c2e1f0233343a2d2f1152444546373ffc4001b01000203010101000000000000000000000304000205010607ffc400311100020201020403050901010000000000000102031104210512314113225114326191a142527181b1c1d1e1f02315ffda000c03010002110311003f00e58f0c8b13edf67a18cac7237986a16294720ec5cac29b3362131bad16c9bb38a47562b1773e06148e95760c480f74394f2ce3868cdbe52e6ca29569b95d3746dbbef49b673be2fc6ce0eb153db2b5d9ace953db3d951a93fa0ef85754a305b770ba6729cb1e845da2dbd7590513298e281be05dedcf87f48e533e65637db6d25d8b1d4ff74884c6118c231f74d54dbea3130a1a1c442c64823a5fb28bafa47672322427e1518dff009639bc911ddbd9358b05943919904fe7627f842c0ed7e5095adcbc4f90b31191855594ab0e2ac2847918f32df977359a74c92fda96e50f7d346e44508ee223d3f1ccbdaf6cc998a2db2c54a00b380df2c7666785687ba9c2295bc3c169aca00fb1f9a3a67967306869c415653f3104fda0ec496266ca1d6ddc1c0f749dce3713afcab1ecd2d5d15be503a39c1e24823e47ce3bdcc94181561507506393ca9651d8ef1c33ca968b3b212181041a1041041e04447223bb6d96c3a4e0580390c9c0eb2f730f797fbca390df571cdb3351d723d9619ab723c7bb582c66a40e50680f1924b26a40d054f70a815f323ce11489f724f12e721600a9385c1d0cb718581f027ca2eca2071118c1fda6b8cd966659cb6cd1be6a4f11ea201308e279dd1d69ad868421428e9c33971d73d92a7fe9e69e33e9e52d3fe51c9254763f65c986c64f19ce7c9507f2c677147ff0fcd0c69979ce4f78b56639e2cdf331b2e8bc6659e62cc96d461e446f561bc188f6b3524f7988ea6346b6d6302d349e533bd5c77ca4d969354e4c331f0b68ca7918b7d9ed2b316382ec4de204c1259b0acc230926804d390af0ae9ce91d565d96d12c500306d4daec71927868574fa755a945f42c4f6700c43bcad2a168220c933c76eb10add5ac1f4f5d97c939f442d7dd55107c9bb64568404600c660c6f9e77393628876d2195e3239c5248246582937e4eabd2224b9048ad227deb65267538c59eedb9d44b151189a9ba346c6e515bb964a25b2c647684460948e91b47624697403ad1cfe7ca2a686174925841ed4f3962b28eb08e91744c612c754e91cf2c1db1ce3b1dc7325f44ba6904536ba32b0697587315fbd6f2b4229126ce6636e2cc8aa39d4d4f2cb9c72ebdee9b7ce985e6ca7663c30500e0003908f41f472db84699b75cb6dc2393729f561a16d317bc1a3ce8365ed67fd07f1c23f581778d81a43147a061a806b4af18f416d3485b1d9e6cfdc8a481c5ce4a3c49023cf76eb434c6666356624b1e24eb016b030a7096f06448702146c9637c54b9b2488f48ec459ba3b1ca1f647a00bfcb1c3769ae8fd96d3d0f09567cf4ab348978cf8be28f41dc898644b1f66be649fd6016be81ab5d49f48c1d0104100820820e608391046f11b043180973876da6cbccbaed0b3e48264970f28e7fe1cc071744c786591de3bc18ed160b5ace969350d55d55d7eeb0a8f1ce15bac72e7cb6973143a30a329de3f43dfba01ecb5826584b59198bcaab3d9a61d709cde4b70607ac388248d081772e6457182c948037e6cdcbb42b0c2b9eaa7b2dff13de20f830c6285cf3f6d4ec54cb3966960951aa1eda0fe65ef1fd62a2ab9c7a7ef3909346022afba9aad7793b87ce99031ca76d7621958cc96063d4aa8a2b8de5783711bfe66859d983957dd12e5d805b2ef94cc0b2ba00580cd27a554e672ad54f9911cbef2b13497696e28ca687f423b8eb1d9fd91bf4b629b25c5424e229c15d54f9e20c62b3ed36e029fe2019a7558fc5289eab781f9f74722f96583b25cd1c9cc690eab1b19208dc5753daa72494ed31a54e8aa33663dc067069494565814b2f088d64b23bb05556663a2a82c4f80ce3b0ec54b367b0aacd065b03318870c9916246a29a522c1b37b3d2ace825c95032ebb903139f898ef3dda083169bbca8ea9c4490a1694c4c77573cb79e0013183a8d4cb54b9611db3f9b1dae11ab793dcf31ce11a5563b7ed8fb39b314337a65b3ce3a0a0125df523001881fb439911c6ad16732dcab0a1068446fc73859d988fbcb2ba7a963b16c3da6622cc579185d5585663570b0a8a8c1ae71d33636d76f901655a5a44d940503f48e66a81a0ec51c7320f7c547652f74fd9915b54aaf80355f423ca0c0bca51de445674d925fd178ce95d727495b64b7e1116db60498328a2cbb67c3320858afb75201ce242dba979293d25172c27f332b6594a1a4698b1cf93d2a62df0127598aeb1e8f49a9f1a09bd99e4f5ba754dae317923031be518d2563621a436fa0a45ee0eb459ab34341f9072103a78ceb1b56d61452b1e4789a6eec1eab4125e1221ed75bfa37384453591a6d5a9177b6c8e9eaacb9f180f66b9274a2461254c7632ccb766a4a50f0f931b95a45a18b9dc3629b316a1c881c9713e3cd4d22cd77b7454021faa956e4c3b351669fdd34cefda64fbd58ca46d1cd4ed083eaeb3450eb02adf76e1a9a544123a683d9bc32478c49ed64132bbed236804fb0141913365d790ab7cc08e3934c74adbbb521b36003add2af900d58e693612b22e32c334613ae6b9a0b0998082b70d9fa49f253e39b293c19d54fce05458b6296b6db2ff00fbcafe3102611176f6b56122db226fbb325aa7e29730d7d262794755ba8ff832fee2fca2abed4aee336c5d2a8eb487137f0765fc3307f0c1ed9f4579086adbfdf9bc491ef70221693ca4329750c561468e808d1dc0e1553eac09f58896eb6b49d41238d0509e150453ca2874270c47f7df03acb7c4a7a55b09e0721f98e50441884c0f112f2b589484d403a0df9f70df12e205e97709c0674615a1e7a823c221004b6f9b31b04beae23bbb44ef666fa5321071aec532ba36353ae2399c7c7fbdd185d57589352482c72a8d02f011baf3bce4d990cc9d30228de77f20333e11c48eb643b9ae812264e70a17a61299c0fdf2e357603bfaa79931a76b6ed59d24922b405587196d91f2d7ce02da3da85854d02ce61c42a28f26607d20b5d1b5d62b6f512680cd97473014635dc2b931e44c5dc65d5954d1c56e7ba07ed6f67982a30cc53e02aac381d088bcfb3cd9c36633a63d0b13d1a1cbfcb1462c399a7e582c9b3405e12e653299669e8c7ffba5baa86fcaebf960bddb2f0cb51cc9e6c4b7eb08f12b9aab0bb85a20b9bf009d8270439e860b5da43cc67a8a2008bf7d806734ee52801fb4c200889dd274563671fba99307360587cc7940b842729bcf4481eb9f2a58eade0a5ed75e8b699b8d493da15dc25d7a817c0623dec7808e7fb5777e35e954759726ef4e3e1f28b1bc6a750c083a1041e4728d0f11f3731e97d8e1ecfe0f62abb1c826cf5905d504d214335681fdd196f3a73223aa4bf6723deb49f0963f578a925c7679aaac646134cccb6c198c8e4081a83ba2db22f29ca00e9a61a002acc4934e277982cb5b34b1178f91e4a5a48f36648856df67ee819a5da2b4202aba15c6c694008634a9200ca35ddf75ce9137a3b48a7c2c0d5580deadbfe707ecbb44c9fe6d1c6ead1483ce9137ff003d659d459aa295a82e1597169507718ed7ae97dbdc1dba4cc7107827d9540500440bc6ca5ce504a659c8c2656103de524d0a9d18100d08f23588b69b4b0ad11cd091d8994c8ea0d28477c69e9b55093f2bc3f89e7b55a1ba1d567e28126eb68873ecacbac17976e2c69e71b2d8a0ac69c6e9a7b99725d8ae5a4e15ac54ed56d62c69a45b6f7974431489d3829223375ae31b398f5dc0f433d456f9b648ebfd12f0112acd35464408a8ff00e55cc6fb3de0c758c774cdee87172f72ebd14b6dc2225aae546d2215db6b2c287582367b5d0d0c2eafba896cf0727a6858bd4aedaac4f24d4691becb31a702b4ce2cf325acc19881cdd1590177ad3705567663f0aa28258f7011af5f145657892f31953e1a95995d0e37ed46edfd98ca07572ed4ee5007f3450a4d8264d0e510b096a5dc8d1106f2774764be764ed37bda0daad67f6692a30499230b4de88126ad4aaa3126a753ba99469b5582559acb68912568ad2a603bcb1284558ef316ab37cb1df01ec9ad3c1617738b110676566e0b559db84f924f2e916be90226c6fb1cd2a432ea0823ef0cc4098da67aa27c8575646155605581dea4508f23103676c4d225094dee5101d712a0c28fe28109fb58a26586d4b3a5a4d5355745753f65d430f9c6e6600549a0199272000de4c26366518ba820820107507788e7f78edb5a6d535a4dd927a4c3da9c454731888555e058e7b842c7b412863224cee283a1c54dfd9c3e84c5b9195e6411be2c5d0be5d96cd7f51e112b67af060e2531aab570d7dd602b41dc403e34e302df6885b25852865cd463d24b60cae869a15615a1ae47bb769122e490664e5e0a43b1e0174f334f581358780bd517410f0c21e2c50c5eb4cb5dd5d2b1427b8def6b419b38b2d925b1596b9ab5a19490d33eca56a01e1a52a49bf111a48c002a26400000c20281901cb903164f071ac91ac573d9e4ae19522520fb2899f7934a93de606df7b1d63b5838a4847fde4a011abc4d051bc418276469ad883e114661955aabaa9ae4342069ba325b27598b12c0d0d0934c5a35545148a05d47189964c02f676c568b393267b09e8a3fc19fef804f5a5cc077e841a9ae75dd0f2570803865075140140001c06420261c2587db7a722e48f42233389acc13f887a3a8e4c4cbdcff00e81e9a7ecf972c022256274d9026d8da5834ac869753b98294a93dc445f823de71f82fdc5f883e575cbb27fc1cb261ce055b6f5c0d854034ed7d046bbc6f7ca89a9199e07781df01067de7e6634614f791e96ed5a4b107f997db970994ae0768b9ad33a198c441188b77c8e8e5a26f5500fdea667ceb1261293dde0c193cb6cc1e611b8f3143e9ac6b6a1dc0f2c9bfbf18d8cd4dc7c33f48c7261b8f0ffb888a922e8b5740e197302bd4270eea5010321e062d166da796c68c8c9e4c3cc4534caffa39e7cf58d88c77fa1ac77271c533a04b9f267e8558ff00b872ae6221dbec3a9c7814680e27a9240038835ca9d626a22913666edfc0d457911bfe5136eebf26c922ac5d46e6cc81dff51f583557d95ef162f6e96bb3de8a604db2b44eb3b6098b86a2aa750c3b8f76f8a6e077eb476abeeeeb3deb67098c2b76a5b645a5befcabd6046446fc8ee100e4ec519002555f7e2ae1f43ca1b85eacde6f718b7572aea51ae3d3d0229654a650f65b3d0d2245a65f44691b94839c36a49ad8c9794f732b3cbc0c227db64d407111926413966ab0adf4f881216b83c98ddd69c42245be5e243ca20495c2f48275ca315a75c9af41e9e249497739edaefd790cd2deb4dd00e65ed2e62b827556f9183bb6b61a9c423965e329d4919e7f28dfd0de94731eac4acd2bb3de59480126cc6632a8d4903fac10b9aecc76b97218e4d3925b11f0970091e11b2cd28a76467c637ddb35a55a9276124cb6498471c247d22f286db05507d59e81baa42495e810615961422d49a4a23ab99cf50cbf8603edcace9d2e5d92464d6872aedb92ce8314c63dd9a8efad37c16e90565cd53556016bc55e8659f3a0fc6627802b5a67a577d0d2a3d079467e70f236d6d820dc773cab1c9593285146649a6277deec7793e99019410a42878e67270117d5ccb3c870009aa080da12875427854547080964699659a199481a38e287523891a8f11be2dd326aaf6881cc811185e32d8d1314c3c25ab3fcb2898c96ce097ae869e598f18ceb11c25a5fb1230f0335d5478aad488de9734f6edcf0a3789483d1dbe91755c9f604ec8aee226233dbe5834c60b7c2b566f25ac1195b3f2466c1a69e33199bfdb92fa4129121258a22aa8e0a001e91754beec1bbd762be04e7ec486e7308963cb36f4807b4d22d0aa15a753121386582a011b8bd711dda523a0454f6f05150fd999e81608aa8a28ee9326235403c738037f5b56438c409c62a294d5681b5fc3e707a58a00380022bdb6c80c953ef07a8e584e2f4f50233f5152b20d31dae5860a9db423dd43f8881e82063deb326565b31c22acaa325a1356cb79c449cfe21102b1830aefa11a11ba13d0d91d3dbcd8dbb97d5d1e3d7cabaf6025ff7530733114956cd80152adbcd06e3af71ac36cc583a499d211d543977ccdc3c35f28b04b677c8507dbe1c94ea7c69c781992a585141fd4939924ef278c6bea7510947fe6fa8b69a57c61e1d8ba6c6d10d8c695cf84356354d6033209ef02a47ebe519e1cde4c618456bbffbd78c6a0d5cd4d7b8fcaba8f58cd1abb88ee3130433ac60f33c46fa6be5be1cc6a6cfb8fa1fac4441a63545451870dfcc1e31856a3790378ed2fd7fbd61c21d7b27cd5bc3fb3ce32caa2b9353d3857788b10ce5cc65ca80efa8cabe1b8fa728b148da87c2014534cb3c55f1cf58adcc407f42351080e201efca39938d17dbd25065ef80d25c8ca25ace2c738cd6cf9d6366a58463df3e67942b2b1df062ccf10acf642627cb91862f6dd5c16015719cb735b9ebc4cc5944655ce339af411e73516294dc91b35c5f2a403bfacc666822ab6db956bd6022f32df324c53b6a2d757ea98d6e156394791ad85b51983e68c8aade575894dd519445fd9f7d332057c3fee0a34e2758c7a58d6f648923c52d8ac16ed85bc84e906cefda9428389927b2477a9cbc162d7659d8973d412adf78647c0ea3b888e5762b69933166264ca7c08dea7b888e8576de92e7289a87aac42cc075973345c5e82bbfabba33f55a775bcae8169d42b739ea49bc27cc57961595519b0b315c4549d37d3fea0a4bd9e24d665a26b0f8570cb1fed15f58856bb389a850e55d0f061983e705eedb7e29419c85651866d48a2ba8eb1278114607830302a945adc97392e83c9b86ccb9f42a4f17ab9ff7d6279c28bb95472000fd2396ed77b5e972b14bb1289ac32339ebd18fb8a337e66839c727bf3696d56c6acf9ef33ec93441ca58a28f0107d900e56fa9e84bdfda1ddb662435a55d87bb2434d35e04af547891150bc7db54b1fe4591dbbe6baa78e140d5f311c96edbb264f2280804d2b426a7828df179ba761a942c02f7bf5dbf28c8455cf0335691cb7ec3dabdae5e533fcb4928376196ec7cd988f481768f68d7b1d6d0ebca5491fc91714d9497be639e5807a106309bb269eecc61f7803f2a4579c67d8a3ebf42903da45e9ffcc7fc923fe104ae1daeb7dbed567933a7748a6600414943a9da999aa8f75632beb658a825d032fc6bbb9ef1e39414f65db3665ce99686cd557a39478bb50b9e61683f19e111cf6036699c0e9d58a96d5db03385ae480d7ef1ccf9003d60edef7889095f78e4a3bf89ee11419934cc639d45733f13d73f007d7918518482ee56b682f56b294a2060e1880495c34232d0d726115e99b4b399949a2ad412aa298941cc12733a522d1b5f7619e8854f594b52bbea01a7776623582c2a24a23a034515040346399d7bc989185515cd8dcace536f19d83d2ade84022b4201195323a4642de9f687e127e503654a0a005140320068077467dd027147422b3d1b46cf8548f48d984f1f3a44295609afa4a73f8580f339410b3dcb691a00bdcccb4f215a40677551eb25f32ca2df6343509ceaadb8f1e477f23e51ba5d699d2bddfde50412e5987532c71cd8e7f9446e172b7c63c89fd4401eb685f6bf52de1cbd0170c4416ffc29fde0fc87fe51835c8fba62f8a30fe68afb751f7be8ff00827872f405c613101143fd41e20f18286e699f121f161fa18c1ae99a3e13c9bea045d6b297f689e1cbd0172c9d0f9ee23f43dd1b2244cb14d5d65b7851bf84988ec6991c8f0391f23068d9197bacae1aea5a24b41ab24aae7002c47ad48b2cb98157587e17793610baa5937d4088f326126823589d88c6e4a0842eba2b6cee5abadb666a28220dbad341195aed4008128c673e5a084a1176c94223ea3cab9985aea50ca6bbe2bdb4b711ae25116c9567c2b946c5a30ce356b9cb49624ba0859156c5c91ca265dae3dd31a1ac8c3718eba2c687dd11a275d32cfba23d0475394644b28e48d248dd11e4db264999891a848a11aab29d5594e4c3b8c7559b714a3eec54369767ba360ca328bcac525864aac7cdb160d97be1a6a849993688d5243aee049cf18efad40ad49ac36db5c936d766759330ab902a80d1672ad4896fe26a0f1d728857558d5118b8570a85ba3268cc695046fa8a65dec0d6a044cb0ed0aab74731aa05009bc7755f9907adc35e2712c928d8f94dd865c70ce096a96cac558104121810410c0d0820e86086cddced6a9c100cb53cb9ee11d876bf62e4de03a44225cea0a4c19acc14c8381ae5a30cf98ca04fb3dd97b459e64e973250573870b964c0cb9d709d4e8341c2b482a9f322423152f3740d5d1744bb3a80a33a50b533e4380ee823483722e15f7dd8f7251472a9a9f2a410b35db2259aaca5a8d19aaedf99aa7d63aa0c627ad82da2b255e54a2fd9566fba0b7ca240bb671ff49bc4a0f998b634c001272035272007381b6abcab94b188fc67b03bebeff865de23ae297503ed9649f9515fb4d866290ac83ad51da43d5f7988ae9f5037c6c67956494001455c9546acda9f127326326b7a0a90c66b9d48cea468310ea80380d33ca005b6c332d0d8a6cc007c2a09cb854e83c0d633b51ada6b78720ebc49af301ef0b63da1c92723a91c3e15e03bff005cc61225e2c905699514569dd96907e5dd5286a98beff587e53d5f4894f31506642a8e2428f58cbb38aae908fcc2aa8afb5cb3260a1017306ac47c85636c8d9851db984f7280bea6b13a75f9217dfc5f7413eba7ac419bb4cbeecb27ef103e5580bbb5b6fbab1f963f50f1d24a5d224e9372485ff4c1fbc59bd09a7a44e9729572550a3ec803e51579bb4734e8117c093ea7f488736f89edacd6f0a2ff000d22bec3a9b3df97cdb6331d0cfe08bbc33381a9039d0473f7b4bb769d9bef3337ccc6aa8e0208b853ef2fa7f619681f767406b64b1acc41cd97eb1acde527f7b2ff003afd62878a1628bffe547ef16f605ea5e4def207fac9e6212def20ff00ac9f9808a362858a3bff00950fbcc9ec0bd4be0bc649ff005a5fe74fac6e973d5bb2ca79107e51cf7146240de079455f095da5f438f41e92fa7f674730d140956b74ecbb2f26603c81a189897ecf03b75e6a9f480cb85d8bdd681bd0cfb3315bcdc1ad60958ef77634262b027c6e9135ab9030eca736b066bd3c59d1ac96a14856abcc28d62af6479ce28aa609592e77735987c203568ae93cbe8564ebafa98ceb53ce345069c62c970490a29be1acd6354140237c84c2d1b7a5a2bae3b7533751a894de3b0619061303d0d2b12ccceac409d342885b5d665a2da75b326591ab121e9016cd6f97f18896b6953a3083d75ddca9e45a6ebcb46f619c02da820851df04a65a40f78798af9402bc99a63834254721f3221886b230972dad2fc5a04f4d9c4a0b23cd632e53330aa129451c57366aeeae4bc85629535c8c67ed28f021465df998b9da313c9c0a30126ac49d77119577611e1021ee12dacc03307b24e86bc4708cbb75d473b7cc6b5754b1d087775e732ce42cb6a2d09c0455351bb76bba9162b2ed3ca75ff150af1cb1af3d2bdfa40c5b8b8ccf25a7eb191b8c7c67c547d606b8952bbfd184f064586cf7b486ec5a6878748e29dd81cd072a44b16b27ff0072c4773491ea16b145bc6ec645c470ba8cc9a7647120d72e27772a98cee8bb44ceb30a203400546261afe11a779af0cd87c460abe74f629e06f8c16cb45a92bd5066b035c4eccea878866273ee5f1a4699d30bf6cd470dde5f5ac6b02900af4da00b5595463bdcf64721ef7cb9c63d9aad46ae5cb1e9feeac729d365e228373a7aa0c4cc14716200f3301ed5b492d72452fde7aabeb9fa45627cf676c4ec58f1274e5b80ee11ac9866ae1915bd8f3fa1a95e857db615b4dfb39f460a3828a7a9cfca06bbd4d4d49e24927cce71ae1468574c21eeac0ec2a843a232c50d586850409b0f586850a3a4142850d10991cc2868558870786850c62107850d586ac420f58558686884352591d5f319562fd72d965328c85604d018dd26714cc467df73b374b079286cf0d976b1c945d008db32cf535115fb05f4a722738312adea77c128d6b82e5900bf4b26f289c9668cc002221b78e3112d5798190cd8e83ea7708ed9ab8f540a3a6977085a6d000cf21002f29cd34154f3390faf90862ecd9b3623e40721bbe7df1aad16a4962aec1477efe437c65d9aa729795658f574e1601766d9d00e29935dbb97aa3cf53e905a55951345f325be7016d3b4ca3b085bbd8e11e0333e6040cb45fd3db460838281f36a9f2a419c75b7fbd2c2fc70be4bf81aab87beaa3f3ff64b9d6234ebc64a64d3501e0596be51449f399fb6ccff007999bd098c03532d23b1e17f7a5f243b1d03fb4cbabdfb207bf5e4aff488efb492868b30f209fab454b142ac1970ca9756c347430f89693b4c9fbb6f3589777df72e71c39ab1d035287911fd229758c91c82083420820f023307ce24f86d4e3e5d99d9e8e18d8e88457fbdd10ee850b29547bb897f12bb2b7a831bacd3c4c4571ef283caa348d361c9a6af09848e4eaae7fdccd18986a2e3fef4fdcc96b720ed4dad911514d03e2c5c68b4cb91afa455098b26d72f5659fb4cbe2c01fe4315a8dde1c9782b1f1363478f0c50f18d61563406c7850d5868843285586ac2ac420f585586ac356210ca1ab18d634cdb5a2eac3cea7c84752c95724bab245615623c8b487cd41a712283c2b998d94898c11493dd193381bc4363e7e461010a384dc6c7cfc8c3e2fee861428e906c638c3d619a30e8c778e448f4063873732b1ed18df0624ded2dc6b1467b1b2eaa446b04ae860f2d2532e9b1e2dc3511df19fc0bd4d6a9aa9827609a48edc73b9379cc5df04ac97e77d213bf874f198b0d4eb397cb33a3cab3b1f7e1cd9ba360f8abd5653dd88a9af2ea7ac53655fcdb9a24d9ef4666188e519eb4d2cf2cb61c72caca616be6fc32cf472e98b7b1cc0a8ad00de69bce5ce2b73a7b31c4c493c4e6609ed2aa929357465c2df7d743e23f8602d61da34f5d71f2fccd7d1283ad492dcd98a1ab188855860770650a31ac3d62107850d58558841e1c18c2b0e0c4216dd96b46296c87dc6cbeeb663d714115349c7ed4b5239a3107f8d62b7b2d3e934afc4a7f329a8f42d160b51a4c92dc59e59ee0c85fe72d478c79ed5d7cb7c97aeffbfea61eaa3cb63ff7523ed2cbc5218ef52ac3cf09f46314f317db6c9e925ba7c4acbe6291400d515e30ef0b9791c7d18ee865b343c2ac635851a83e6558558c6b0ab1086558626235aad892c758f20353e1016d57b3be4bd51ddaf9fd22f1ae5217b7530afaf50eda2d689da603bb7f940d9f7cd7b0be2df41014124c5dbd9fec3b5e24cc984a59d1b0b30ed4c60012895c86a2adbab419e8cc685dcccbf88c92cf440ab92e9b5de33304a05be26270cb41c5c8c872cc9e1072f6d9eb358cf400f4f387f9d30e4887f752d38f166ad341435a751be6d12aeab1e1908b2fdc928065d2119bb5736a0ab127334d738e46cdde4e64927324935249de492493df12d9282c203a08cf553764fdd5f563690ab1aa7cdc2311d052bc89a5636030a1e8135d07ac2ac3428e1d1eb0ab0d0d588707ac286ac28842ed785cf2ca938469151b1ecd74ccc699572850a37675c5b5947c8f4bacbeaadb8c9985bb641d7b3002d3763a1a1530a142f6d6a3ee9b7c3f5d65ef96d49984bb34c0743162bb6c2ec2b9c285086a573472cd44fc392e52c975ddeb3d0ca63424647836e31599f2991991851949523bc1a1850a0514b94d2e1d6cbc6943b632635850a1470db142ac2851082ac2850a21050a142887497764ec1365b707507eeb755bd18c5cedbd8afc255fc118311e2011e30a146371158b20ccad72f32fc0906285784ac135d7831a72398f4221428a70c6fc46be07344fcf8f8118c62ee06a40e640850a3762b2f069ce5cb16c873af496bbf11fb3f5d207da2f973d9017bf53f486850dc6a8a322cd65b2e8f1f8031dc935249275261a1428289b619d9eb9dad331540ae260aa33eb31340397131e94ba6ea4b2c897250648b4d2956d59a9c4924f8c2851c83cb62bc47caa115dd64e57b797c7ed36a60a6b2e55652702c0ff0088de2c29c90718ac930a142563cc99e9b475c6ba6318fa1aa726252bc411e710ae9b554606ed2e5e03e90a14762b3164ba4e3645aefb046b0a142818c8d0a1e14438342a42851087ffd9, '1985-01-27', 'F', 30, '(21) 99678-9988', 'PIX', '67890123456'),
('Corporação da Silva', 0xffd8ffe000104a46494600010100004800480000ffdb004300080606070605080707070909080a0c140d0c0b0b0c1912130f141d1a1f1e1d1a1c1c20242e2720222c231c1c2837292c30313434341f27393d38323c2e333432ffc2000b080190019001011100ffc4001c0001010003010101010000000000000000000805060704030102ffda0008010100000000efe00000000000000000000000000000000000000000000000000000000000000007c30e0000000cc7dc0001c327cf58000000f2507dcc0001c1b014c000000099f3fde40001c1b014b4d98f00000190a4e69cff00790000706c052506505eb000007927dbce6dcff790000706c0525065cd930000063219bce6dcff00790000706c0525065cd930000063219bce6dcff790000706c0525065cd930000063219bce6dcff00790000706c0525065cd930000063219bce6dcff790000706c0525065cd930000063219bce6dcff00790000706c0525065c393000006321ebce6dcff790000706c052909f98000007a6ec9af3fde40001c1b014c78be2000003eded99f3fde40001c1b014c3f9e1fe23ab67f877cdfbd95c6bf1f4ee380e527b7b87f499f3fde40001c1b014c3cd06764faf3aed9d1a2fec6e5b4c267ea4e3968739e27d17e5c6ef3f4a67cff790000706c0530f341b777b65ade7a34737623aef0e0f62a13b1b9ce8d52f8a11bcbd299f3fde40001c1b014c3cd06d9fec9bfa27468dece4a7dfdc02ac46364739e774878e30bcbd299f3fde40001c1b014c3e511e3dfb4c6fb17fc5fd56a92bf97dad0d0a67fc642dcfaa67cff790000706c05307e0fd7e0fd7e0fd7e0fd267cff790000706c052d376341b5f799e3040ced0fc1b54064a919a73fde40001c1b0149419417ac6b7cfad1853b565462b8add717745d807927dbce6dcff00790000706c0525065cd93e6399dd79fcdb69429626ce3588eeeb8b699de463219bce6dcff790000706c0525065cbafcf5b0770c44db69429627c30ecc7de3bbae2da677918c866f39b73fde40001c1b014941972ccba17a3aaf4e9b6d2852c4e11a8b6eeef1ddd716d33bc8c643379cdb9fef20000e0d80a4a0cb9b25346d7db3409b6d2852c4d9bf5f9acc7775c5b4cef23190cde736e7fbc800038360292832e6c9f8fedf6d026cb4a14b17661acc7575c5b4cef23190cde736e7fbc80003836029383fddfd0f8e76ce867f9fec7f1fd5cd16d3388d5d96e9d0d5e736e7fbc800038360298d77c80c8e7301e107bb3f16d33a8e9ccd76a86af39b73fde40001c1b014be91e106676dd33180c9ee716d33a0e96ccf7e86af39b73fde40001c1b0149c1bb4ff0063c7f7b4217cb7dc7c3137445b4cfc35965b7c86af39b73fde40001c1b01494197364ff1fbcfe6db4a14b1766d3db86b31d5d716d33bc8c643379cdb9fef20000e0d80a4a0cb9b97ebd83ebbfdcdb69429626cdcf1d0f598eeeb8b699de463219bce6dcff790000706c0525065cd8d8b7276a69f36da50a5893b694dd6898eeeb8b699de463219bce6dcff00790000706c0525065cdc7b9662e8ff0064db69429627af506dfe48eeeb8b699de463219bce6dcff790000706c0525065cdebfdf9fdf439b6d2852c4d9f953aaeb11ddd716d33bc8c643379cdb9fef20000e0d80a4a0ced7e9181d46d1853aa64863795dd716ee59b1e6e2979cdb9fef20000e0d80a5f8263c1b2f67e19860667b9f18d68190ef73467fbc800038360298000000133e7fbc80003864f9eb0000001e4a0fb980003e1870000000663ee00000000000000000000000000000000000000000000000000000000000000007fffc400371000000402090205030401050100000000000304050206010708161834365556375310111417401220511521313513254145465280ffda0008010100010c00ff00e0356b52a04d1a858a0a4e45f995391360bf32a7226c17e654e44d82fcca9c89b05f995391360bf32a7226c17e654e44d82fcca9c89b05f995391360bf32a7226c17e654e44d82fcca9c89b05f995391360bf32a7226c17e654e44d82fcca9c89b05f995391360bf32a7226c17e654e44d82fcca9c89b05f995391360bf32a7226c17e654e44d82fcca9c89b05f995391360bf32a7226c17e654e44d82fcca9c89b05f995391360bf32a7226c0916a55e9a0508d414a08f8569254796d2c89e03628494a815af8e2811a539447771f3675e2ee3e6cebc5dc7cd9d78bb8f9b3af1771f3675e2ee3e6cebc5dc7cd9d78bb8f9b3af1771f3675e2ee3e6cebc5dc7cd9d78bb8f9b3af1771f3675e2ee3e6cebc5dc7cd9d78bb8f9b3af1771f3675e2ee3e6cebc5dc7cd9d78bb8f9b3af1771f3675e2ee3e6cebc5dc7cd9d78bb8f9b3af1771f3675e2ee3e6cebc5dc7cd9d78bb8f9b3af0ad02b411c302c4a7278ecdaa8f31a5ed3c66c5113f0ad2d91601670d62e9f36d1fac5ac59a722ff00f0ed2d91601670d62e8238a88208a38bf87cb42bfc2f2a4b6a4688b478869c7b2da310d38f65b4621a71ecb68c434e3d96d18869c7b2da310d38f65b4621a71ecb68c434e3d96d18869c7b2da310d38f65b4621a71ecb68c434e3d96d18869c7b2da310d38f65b4621a71ecb68c434e3d96d18869c7b2da310d38f65b4621a71ecb68c434e3d96d18869c7b2da310d38f65b4621a71ecb68c434e3d96d0c76857f89e5316ea8d1188e08a88e086387f8b47eb16b1669c8bffc3b4b6458059c358ba05594382ace9e1aecf2c8bda51ac8de97c1161b58b7c70186d62df1c061b58b7c70186d62df1c061b58b7c70186d62df1c061b58b7c70186d62df1c061b58b7c70186d62df1c061b58b7c70186d62df1c061b58b7c70186d62df1c061b58b7c70186d62df1c061b58b7c70186d62df1c061b58b7c70186d62df1c061b58b7c70186d62df1c03a59e591034ac5903d2f8e24b9d2025ca122d1fac5ac59a722ff00f0ed2d91601670d62e815650e0af38789734c357c798f4c3a8499c2025ca122d1fac5ac59a722fff000ed2d91601670d62e815650e0af38789734c357c798f4c3a8499c2025ca122d1fac5ac59a722ff00f0ed2d91601670d62e815650e0af38789734c357c798f4c3a8499c2025ca122d1fac5ac59a722fff000ed2d91601670d62e815650e0af38789734c357c798f4c3a8499c2025ca122d1fac5ac59a722ff00f0ed2d91601670d62e815650e0af38789734c357c798f4c3a8499c2025ca122d1fac5ac59a722fff000ed2d91601670d62e815650e0af3a7897549144b2d5452717453ea48ef963d491df2c7a923be58f52477cb1ea48ef963d491df2c7a923be58f52477cb1ea48ef963d491df2c7a923be58f52477cb1ea48ef963d491df2c7a923be58f52477cb1ea48ef963d491df2c7a923be58f52477cb1ea48ef963d491df2c4c4a48a65975a2838ba69499d2025ca122d1fac5ac59a722ff00f0ed2d91601670d62e814434c69cc828fe5e10a86e7858955951147faa3e8a3ca83cda28f54a3be68f54a3be68f54a3be68f54a3be68f54a3be68f54a3be68f54a3be68f54a3be68f54a3be68f54a3be68f54a3be68f54a3be68f54a3be68f54a3be68f54a3be68f54a3be68f54a3be68f54a3be68f54a3be68f54a3be68f54a3be68f54a3be68f547d34795279b4d0ce85438bc234a90a88d3d3c34c09cb829fe6d1fac5ac59a722fff000ed2d91601670d62e9e0a59db161bfe552dc90e32eeb26d0805dd64da100bbac9b42017759368402eeb26d0805dd64da100bbac9b3a017759368402eeb26d0805dd64da100bbac9b42017759368402eeb26d0805dd64da100bbac9b42017759368402eeb26d0805dd64d9d00bbac9b42017759368402eeb26d0805dd64da100bbac9b42017759368401333b62337fca99b921260b47eb16b1669c8bffc3b4b6458059c358ba78c71510434c5153e543b5a351237450990b246a53e25a8e34312d471a1896a29ff00ad090e77453db152e29098c88dc9c13b536a95eaa2fa539f6932613e3a0897638cac4b51c68625a8e3421b4ac34c547d52d53e52bcc88e6b97933c20faa826689911ca92f29785ff005524c56958688a9fa65aa7cb12d471a1896a38d022d264c47c141f2ec7014dae09dd5b532f4b17d49e7c9dd1488c5438ab2633e3c4b5147fd68625a8e34312d471a0d368d44b1d13a65cc91a64f0454470d11434f9d1e168fd62d62cd3917ff87696c8b00b386b174f171feb55037f73e3096ceaf2ad192a207b430c386d7bdf5009e64b5322be40d6a9514a4db36e98791587d3c7f0de9225ee2991c31510c586e7ba7fe7100c36bdefa804d52f1d2a4c8b194f3a038da86fdeab928af9fdaab9509565e3a6b9911b29074049b86d7bdf500c373dd1ff003880382489038a947145445155e74f1805a4b4c33091a4b533d3e46d69551498dc36bdefa802ab3abca4467288ded0c5095fb1f006efeb52f8da3f58b58b34e45ffe1da5b22c02ce1ac5d3c5c3fac540ccc4419bfa46ff000b437510a166dd30f22b0fa76fe25cd4ed228f0ae2eaa3d8a85e972515f5d2e542a77aa8c9e14898f53bb0abce9db00b49698661679ea21be0f3fd23802f31086ffeb12f8da3f58b58b34e45ff00e1da5b22c02ce1ac5d3c5c3fac540ccc441a67695cb674504730b6431df995391b58af57340ef3d94a5b9610ac9b36e98791587d3b7f0c06404cc6d869915101744f32a7226b17e654e46d62b596a570ac978548d416a13d42f4b928afae972a1552b52b7d64b3aa58a0b4e9efcca9c8dac533cca9c89ac3f9901d31b99a5c54465d5e74ed805a4b4c330a8a7340d13d9aa5c5610909bf32a7236b0ed3b4ae633ad820985b228cbcc421bffac4be368fd62d62cd3917ff0087696c8b00b386b174f1545527a534aa29f20f728beb3bba944a9ad5d067e8cebb6ac1fa2baed8b050ccebe747fa62c15092f39314a4b0c714d1a6a66f6e50ef283bb7a5a28a4f532ebd23506273da56c06fe8cebb62c1fa2baed8b040c6ed1c74410b5ada62aa3625d2ed5da146e25524a9adc625d3155dae46dc5527298d8dda08e98226b5b445fa2baed8b07e8cebb62c09a5d7a58a0b4e434ad8cd941b94344a0d0deaa8a283ebee5e727d949198dc9a3534d2ccebe74ffa62c1fa2baed8b07e8cebb6ac0c928bebc3ba64495ad5d26252a9212945534f9f8da3f58b58b34e45ff00e1da5b22c02ce1ac5d3eca61a29ff6a07d347e281f4d1f8a07d347e281e5e1f4d1f8a07d347e281f4d1f8a07d347e281451e429a3cc7d347e281f4d1f8a07d347e281f4d1f8a3c3c87d347e281f4d1f8a07d347e281443451fed47d968fd62d62cd3917ff87696c8b00b386b17411c7441045153fc3f5a15fe878530342444523c434e5d96c18869cbb2d8310d39765b0621a72ecb60c434e5d96c18869cbb2d82af6bc5ddfa6a48cef4912d25d3fc09bebf5e90cc8b10b2a4490a5c434e5d96c18869cbb2d8310d39765b0621a72ecb60c434e5d96c18869cbb2d8250afd7a5d322342f491244968fe0561578bbb0cd4ad9d95225a0bc434e5d96c18869cbb2d8310d39765b0621a72ecb60c434e5d96c18869cbb2d8186d0aff4bc2681dd222351c11d11c10c547f168fd62d62cd3917ff0087696c8b00b386b1740ab2870559d3c35d9e5957b4a3591bcae862c36b1ef8e030dcc7be380c3731ef8e030dac7be3809f6a49aa5193973d26755879b561d4d97fc264d50ea258a84677d961b1d4d775a59986d63df1c061b58f7c70186d63df1c061b58f7c70133d4233b14b0e6ea53bad30c96f54357856775366012454734cd52737bd28765849b86d63df1c061b58f7c70186d63df1c061b58f7c700e96796540d2b1640f2ba2892e7480972848b47eb16b1669c8bff00c3b4b6458059c358ba05594382bce1e25cd30d5e15a55ad4c86726408d140a9755acfd04fcc472ba52d09950aeae94bb8ab0ea64bde1326a7761577d3b97fedac4e9dcc025bd4ed3e159fd4c98454f74a98fed98f4c3a8499c2025ca122d1fac5ac59a722fff000ed2d91601670d62e815650e0af38789774c3507dad49425e7231bd7bad142aae59ada26d9ad2ae665111c454a4fd2f49cd6ea4bd2b8c88e5aac29666d531a6687284d515d5d29771561d4c97bc264d4eec2aefa752f8986b32549597fa17473a2055ef9487ba1c3df290f74384bb5992a4d2bfd0b5b9d11aaac4e9d4c025bd4ed3e159fd4c98454f74a98fed98f4c3a8499c2025ca122d1fac5ac59a722ff00f0ed2d91601670d62e815650e0af38789774c3509c6a8e71a26b71391b61abd33ecbaed2d2c8123c223121ec3274c1339271accd872c82a92ac2686b9d92bbbaa28d026aeae94bb8ab0ea64bde1326a7761577d3a97c564d54cdaaa7771716f4063825f69a7ae38ac7b4d3d71c562adaaa66d4b3bb738b8a031bd2d6274ea6012dea769f0acfea64c22a7ba54c7f6cc7a61d424ce1012e509168fd62d62cd3917ff87696c8b00b386b1740ab2870579c3c4b9a61a879502d188cf826e6e571174fa7b382538a971dd4465c5093e42baba52ee2ac3a992f784c9a9dd855df4ee5f1e5478f9502b13a7730096f53b4f8567f53261153dd2a63fb663d30ea1267080972848b47eb16b1669c8bff00c3b4b6458059c358ba05594382bce1e25cd32d5e0bdad0ba91fe0704642a252a44e893c09d29059248aeae94bb8ab0ea6cbfe1326a7761577d3b97fedac4e9dcc025bd4ed3e159fd4c98454f74a98fed98f4c3a8499c2025ca122d1fac5ac59a722fff000ed2d91601670d62e814434c498d868a3ce97024c4ee4a8a360a603209b26228b84b2dedc2082f84c9bf390be1326fce42f84c9bf390be1326fce415cc8f6bd3449d5bb2d3c8aac24c3ab3583fc70451d3489b139a966e7724f82980c22697f4c440410f2bca2af84c9bf390be1326fce42f84c9bf390be1326fce40f9a5fd4911907bcaf34a94d39aaa6e682488298cca0567f53261153dd2a6313cd74b6c9af913440de6ae538964bc6ce18964bc6ce12e5a01ade9f1336aa693d1513153e72c3a8499c2025ca122d1fac5ac59a722ff00f0ed2d91601670d62e83c838c892b3b2d8d62f6142a147b6324f196f1ed8c93c65bc7b6324f196f1ed8c93c65bc7b6324f196f1ed8c93c65bc3449f2f3028894353324487075926597c594ab736446a947b6324f196f1ed8c93c65bc7b6324f196f1ed8c93c65bc7b6324f196f1ed8c93c65bc354932cb1aca15b632234aa0567f53261153dd2a63158d526a26c990d7a6a71248330e131eecda30e131eecda256b3ead6e7f48bde1d13189a62d30ea1267080972848b47eb16b1669c8bffc3b4b6458059c358ba0a69f20ef5b92632389a8163af9a8f7ca42dd0e1ef9485ba1c3df290b74387be5216e870f7ca42dd0e1ef9485ba1c25dacb9566a5de89a9ca8314d3fb07ead49425c718dbdc5d28a157be5216e870f7ca42dd0e1ef9485ba1c3df290b74387be5216e870f7ca42dd0e0c35a9284c6e3037b73a514aaa3f7159fd4c98454f74a98c566d733ccb736a86565253c10e20676ff00d378c40cedff00a6f12a57dcc4a6644491d884872498b4c3a8499c2025ca122d1fac5ac59a722fff000ed2d91601670d62e814d34d094da68fda9591c51af511451534c44556ceca53967932faa8caf69e7ae38ac7b4f3d71c563da79eb8e2b1ed3cf5c715875abd9b18db8d707365509925584514359b2ff9454d1e1341919b35bbc66454c5121ab39c9c5090b51b1293537b4f3d71c563da79eb8e2b1ed3cf5c7158f69e7ae38ac2eab39c9b909eb5631292934ae64654d6d11971530c42b3fa99308a9ee953189cea8a5e9d1ce871551a84ab30e12deece630e12deece625ba8c9665e7821cff00ccad69b31d1e52c3a8499c2025ca122d1fac5ac59a722fff000ed2d91601670d62e815650e0af38789734c350f3f21e740f3f0aeae94bb8ab0ea64bde1326a7761577d3b97fc27eac26c90509072d28d507c83584d93f213ce4451a9cf1589d3b9804b7a9da7c2b3fa99308a9ee9531fdb31e987509338404b94245a3f58b58b34e45ffe1da5b22c02ce1ac5d02aca1c15e70f12e6986a15eb3b3e4ae436a3673a24b4558d761b09dfa54dcb3eb2eb02bb5e1d1da24f2d2b3503754e4d4e736497ea9da9a63535d5d29771561d4c97bc264d4eec2aefa752ff00856a55ac53fa347126590265b55756b14808d644a5640a568ac4e9d4c025bd4ed3e159fd4c98454f74a98fed98f4c3a8499c2025ca122d1fac5ac59a722fff000ed2d91601670d62e815650e0af38789734c3509e65d6498e5a529df2980a4eb4b2485a7949cfa0f26536c6f799950a0745d0a146cad0dec4d49db9b09809495d5d29771561d4c97bc264d4eec2aefa752f8ad49da67a67d73474392c469ef7cc9bf390bdf326fce42aae7699e89f5b11d2e4b1627ac4e9d4c025bd4ed3e159fd4c98454f74a98fed98f4c3a8499c2025ca122d1fac5ac59a722ff00f0ed2d91601670d62e815650e0af38789734c350b462f7521035242293206cabcab6719edc69a21a624cdb38c9ce7253dc6debcba6982a35c1d9c2afcb89d2232386baba52ee2ac3a992f784c9a9dd855df4ea5f0ef274bafca6850eace9159d34b0d57c9a82156f2c680a825661aaf9c9044ad998d01b03449d2eb0a9a543533a448756274ea6012dea769f0acfea64c22a7ba54c7f6cc7a61d424ce1012e509168fd62d62cd3917ff87696c8b00b386b1740ab2870579c3c4b9a61a82b4295c088885898a504a4449509109091394412b9ad03997416bd127550124149ca84a24b80b2ebaba52ee2ac3a992f784c9a9dd855df4ee5ff000ae7abe749d1237a9688a08d454c55f3a49691c14bbc5040a056274ee6012dea769f0acfea64c22a7ba54c7f6cc7a61d424ce1012e509168fd62d62cd3917ff87696c8b00b386b1740ab2870579d3c37da28f40da951d12f151d189653c70a189653c70a189653c70a189653c70a1395781d374aead923642d343563d4d97e9f099353ba897ebfcf6197d03542c259d462594f1c2862594f1c2862594f1c2862594f1c284c15fe7bf4bebdaa2612c9a25bd4ed5e159fd4d9804a35e874a92ba2648190b510e2594f1c2862594f1c2862594f1c2862594f1c28385a28f5edaa91d32f15050933a404b94245a3f58b58b34e45ff00e1da5b22c02ce1ac5d0450d11c34c34d1e743dd9ce356f0a54363d94425c35397224830d4e5c8920c35397224830d4e5c8920c35397224830d4e5c892091aa2aec4ca9de1c1da0574d3fc09aacfd4bccc2a9c9b1e0b4a4e1a9cb9124186a72e449061a9cb9124186a72e449061a9cb9124186a72e44904ab67ea59a614ae4e6f05aa268fe04f351579e6550f0deed024a70d4e5c8920c35397224830d4e5c8920c35397224830d4e5c8920c353972248192ce71a4784ca1cdeca3d2c30d1043443451e545a3f58b58b34e45ffe1da5b22c02ce1ac5d3e6da3f58b58b34e45ffe1da4929e634b22880a8a2252af568238a346a8e4f1de37cde178bc6f9bc2f178df3785e2f1be6f0bc5e37cde178bc6f9bc2f178df3785e2f1be6f0bc5e37cde178bc6f9bc2f178df3785e2f1be6f0bc5e37cde178bc6f9bc2f178df3785e2f1be6f0bc5e37cde178bc6f9bc2f178df3785e2f1be6f0bc5e37cde178bc6f9bc2f178df3785e2f1be6f0bc5e37cde178bc6f9bc2f178df3785e2f1be6f0bc2b5ead7c70c6b151ca23b36a53cb697b511951424fc256892af4d1a7589ca5045c69538eb60b8d2a71d6c171a54e3ad82e34a9c75b05c69538eb60b8d2a71d6c171a54e3ad82e34a9c75b05c69538eb60b8d2a71d6c171a54e3ad82e34a9c75b05c69538eb60b8d2a71d6c171a54e3ad82e34a9c75b05c69538eb60b8d2a71d6c171a54e3ad82e34a9c75b05c69538eb60b8d2a71d6c171a54e3ad82e34a9c75b05c69538eb60b8d2a71d6c171a54e3ad82e34a9c75b05c69538eb60b8d2a71d6c091125409a04e8d3949c8ff00e03fffc4003d10000103000607050508020301010000000200010311131474b1d10412217273b2c210314071d220415161c1222332818291b3e262a1425280e133ffda00080101000d3f00ff00c061f8a4949845bf375790cd5e4335790cd5e4335790cd5e4335790cd5e4335790cd5e4335790cd5e4335790cd5e4335790cd5e4335790cd5e4335790cd5e4335790cd5e4335790cd5e4335790cd5e4335790cd5e4335790cd5e43347f864889885ff36f072cd211833ec27666a29fdd0b52e310393b37c762bb1e4aec792bb1e4aec792bb1e4aec792bb1e4aec792bb1e4aec792bb1e4aec792bb1e4aec792bb1e4aec792bb1e4aec792bb1e4aec792bb1e4aec792bb1e4aec792bb1e4aec792bb1e4aec79226a5865071776f8ed514d19003bec17767a68fdbc1d64b80ab0f58f8db0f592ac8b02f07592e02ac3d6285a9741238475a0e444ccfdeef4ae0bfa9705fd4b82fea5c17f52e0bfa9705fd4b82fea5c17f52e0bfa9705fd4b82fea5c17f52e0bfa9705fd4b82fea5c17f52e0bfa9705fd4b82fea5c17f52e0bfa9705fd4b82fea5c17f52391824aa07121677ef67a51352cac3d64ab22c0bc1d64b80ab0f58aab2c156162a7802571600a19c859e8ff6b7016e02dc05b80b7016e02dc05b80b7016e02dc05b80b7016e02dc05b80b7016e02dc05b80b7016e0282039585c028771177a3fd2ac1c5558e0ac3d64ab22c0bc1d64b80ab0f58aab2c156162ac71723787b1cbc8eab071556382b0f592ac8b02f07592e02ac3d62aacb055858ab1c5c8de1ec72f23aac1c5558e0ac3d64ab22c0bc1d64b80ab0f58aab2c156162ac71723787b1cbc8eab071556382b0f592ac8b02f07592e02ac3d62aacb055858ab1c5c8de1ec72f23aac1c5558e0ac3d64ab22c0bc1d64b80ab0f58aab2c156162ac71723787b1cbc8eab071556382b0f592ac8b02f07592e02ac3d62aacb055858a6d122ff937fd196fb2df65becb7d96fb2df65becb7d96fb2df65becb7d96fb2df65becb7d96fb2df65becb7d96fb2df64fa24bff0026ff00a3aac1c5558e0ac3d64ab22c0bc1d64b80ab0f58a20766fd945290901350ecf4ba6ff275beeb7dd6fbadf75beeb7dd6fbadf75beeb7dd6fbadf75beeb7dd6fbadf75beeb7dd6fbadf75beeb7dd3ff93a965111016a5dde96420ccffb2b0f592ac8b02f07592e02ac3d63d9ddaf24224ffbbb2bb864aee192bb864aee192bb864aee192bb864aee192bb864aee192bb864aee192bb864aee192bb864aee192bb864aee192bb864aee192bb864aee192bb864aee192eed78e1117fdd9bb2c3d64ab22c0bc1d64b80ab0f58f6b352eff0511b80cc53ea6bd1efa287d8af5fd55ebfaabd7f5519d5cd09bd2e05453dfef6a168f1bc923b353433352e99e8023d228776f9b6aec57afeaaf5fd553b68d2bfaa9d9fec9f78136c767f2750337d90ef327d8ccde6ea9d94e95fd55ebfaabd7f54ef41906914bb37c9b576ad2236923776a29676a59487570c20f4399514f7fb9a857afeaaf5fd55ebfaa94d80a619f5f529f7d1436c4ed4b3fc7b6c3d64ab22c0bc1d64b80ab0f58f6d49f2bad67c54b189b338152cced4ae19a28466d7899d9a8777d9b7c95b0791958a4c169128c4cefdcce4ecdf55c335c335a31309480ceccf4b33eca7cd5a26e656887996924e2321b3bb350cefb68f25c335c335a3ca513bb773b8bbb7d158a3c15b0b91d0c2536bcaceed433b6cd9e6b866a28c8dd980a97666a56b362aa4395bb6c3d64ab22c0bc1d64b80ab0f58f6d49e0eb59f15668f95bb2c51e24ad83c8cac5260ad90f3b76d60720ab44dccad10f32ac3e42edb64dceeac51e0ad85c8eac52623d9669395d6b362aa4306edb0f592ac8b02f07592e02ac3d63db52783ad67c50e8f1b133e9234b3eab6cef5790cd368602f2426c634d2fb29656c1e4656293041a5444444f433331b52eaf419abd066a4317092226212fb2ddcecad13732b443cca3327392526111fb2fdeeeaf419abd0668f4a948485e9676737a1d58a3c15b0b91d3e8662d24c6c034d2db2975790cd168f230b369234bbeabecef5acd8aa90c1bb6c3d64ab22c0bc1d64b80ab0f58f6c80e34f9b50a3376a46122126a763b3b350ecb80592e0164b80592d334869228e46a0b55859a976f72d234538e3677ef276d8a37d521780b63fecb80592e016489e866a82dbfe9111ca51bb6d0627a599fe742120946366da6c2f4bb37ce842f43b5416cff4b80592e0164a47d511680b6bfecb47d14239199fb899b6ad0f4879258e36a4b55c5da966f7ae0164b80592e0164a4366a4a121116a76bbbbb50cca3061a7c9a8edb0f592ac8b02f07592e02ac3d63ecf92f25e5ec792f25e5dbe4bc9797b1e4bc9797b361eb25591605e0eb25c05587ac5333bba8cdc23ae07322667a297daddeb80fea5c07f52e03fa9701fd4b80fea5c07f52d30eae39347171702f752ceef4b7668d2944c7383911bb3d0efded46d5c07f52e03fa9701fd4b80fea5c07f52e03fa969328c4e70038903bbd0cfdef4edecd0ceae49348172732f7d0cced432e03fa9701fd4b80fea5c07f52e03fa9701fd4a436092a41c0859de8a5b6bf7276676561eb25591605e0eb25c05587ac555960ab0b153c012b8b00d0ce42cf42dc05b80b7016e02d1f53563904599e9266f779ab58fd7b2d92f3bad2f470988000681776a6865b80b7016e02dc05a268e7308180d04ecd4d0ead9173b765acbe8b4a072208c45c5a8276d94f92dc05b80b7016e0282039585c068771177a1560e2aac70561eb25591605e0eb25c05587ac555960ab0b15638b91bb270ad7ad276000a68f777bbad1e4ab9e362a46976a59d9fe1d9f77fc82ad63f5ecb64bceeac3161ecd865c15b22e76ecb597d15597397b3639791d560e2aac70561eb25591605e0eb25c05587ac555960ab0b15638b91947b0c228c8f51fe0eecdde834418c8881c682d677ee7f35a44c071b0c4454b30d0fdc81b59e23070276f8b33f7afbbfe4156b1faf65b25e775618f04cd49451839b8f9d1dcaec792bb1e49da918a407072f2a7bd5864c15b22e76ecb597d15597397b3639791d560e2aac70561eb25591605e0eb25c05587ac555960ab0b15638b9194f39cb1cd1133d2c4f4eda5f63ed461ae212514b8f753b3c9424c323c747d977eeef75a2313bd6136b48eeced43333f76d5f77fc82ad63f5ecb64bceeac31e0b4c95e6038c9a91a7fe2ecefee5fa735fa735a1cad319c84d4951ff0016667f7ab0c982b645cedd96b2fa2ab2e72f66c72f23aac1c5558e0ac3d64ab22c0bc1d64b80ab0f58aab2c156162ac717237649a1b462746cd6627a5bfdb29749168cddb61503b68ecfbbfe4156b1faf65b25e775618b0f66c32e0ad9173b765acbe8aacb9cbd9b1cbc8eab071556382b0f592ac8b02f07592e02ac3d62aacb055858ab1c5c8dd94d3a93031353f9a06a0638c5845bf26ecfbbfe4156b1faf65b25e775618b0f66c32e0ad9173b765acbe8aacb9cbd9b1cbc8eab071556382b0f592ac8b02f07592e02ac3d629c1d99bf24131890936d6767ee42d4088e904cccdf0ef5793cd5e4f35793cd5e4f347f8a39672217fc9dd0e94c4f43773333d2fd83a64b4b3b7f93a8db540034826616f83352af279abc9e6af279abc9e6a46d5303d209d89be0ed4a2d322a199bfc9bb2d65f45565ce4a36679b5246010a5a966ee7a5e857a6f4abd37a56906d184cf2b1b313bd0d4b50db158e5e4755838aab1c1587ac9564581783ac9701561eb1ec3fc521c4d4979ae1ae1ae1ae1ae1ae1a26a1e48a3662a3e14f63b50f2491b6b3f9bae1ae1ae1ae1ae1ae1a66a1a48e36d66f27ecb597d15597392d219aba29c5e8d666a29676f9336c5faf25faf25a34832d5e8ec549bb3d2cd4bd1432b24bc8eab071556382b0f592ac8b02f07592e02ac3d63d913eac8d14446c2ff0007766a295763c95d8f25763c95d8f25763c95d8f254523148040e4defa296dbd81f8e38a323d47f83d0db1d5d8f25763c95d8f25763c95d8f25763c91fe08e58c835dfe0d4b6d7ecb597d15597392d1599a59660d67327667d9f06daaeff00fd577ffead265184eaa2d421d67a19db6fcd58e5e4755838aab1c1587ac9564581783ac9701561eb14c04ecff922949dddfdfb5d482c604d46d676a59fbd7e9cd7e9cd7e9cd7e9cd4546bca7450d4bd0deff008ab58b6cfcfb0b4c96977de753831c720d1410bf73f7afd39afd39afd39afd39a801ce490a8a045bbdfbd0e99150edbcdd96b2fa2ab2e724e2c27268eedf6d9bba96767fdd7e8c97e8c9404c7104ee3aa24ddcf433352ac72f23aac1c5558e0ac3d64ab22c0bc1d64b80ab0f58aab2c156162ac717237b3f77fc82ad63f5ecb64bceeac3161d9a4138c3044eccef477bbbbf732d1c986682576776a7b9d9dbbdbb2c32e0ad9173b765acbe8aacb9cbd9b1cbc8eab071556382b0f592ac8b02f07592e02ac3d62aacb055858ab1c5c8cb4b633934906fb5b28fb2cfeeef45b61d38db68ff0089fcbe0ea17a06406a2499fe2efee6f92826786bdda8ad66667a7cf6d0beeff9055ac7ebd96c979dd5862c3b34472d47919dc485e8a59e8eeee5a5b8ebbc6cec222d4d0cd4f7f7f65865c15b22e76ecb597d15597397b3639791d560e2aac70561eb25591605e0eb25c05587ac555960ab0b15638b919442f236924f43c0ecdf899d01b884acd46b8b3ec7a3dca691864989bbbe5f2a7ba9508b3008e2efef77f8afbbfe4156b1faf65b25e775618f05a2ccf1430c323c6daaddcfb3be9efa55e4f35793cd6953345343348f236abf7bedeea3be956193056c8b9dbb2d65f45565ce5ecd8e5e4755838aab1c1587ac9564581783ac9701561eb1556582ac2c558e2e465339bcee3dc46d46a897cbdea2ff00f6d29c69a1ff00ea3f175f8a19d9becca3ee767fa28e628f46924fc451b3351b7deccf4b2fbbfe4156b1faf65b25e775618f04cd43492474951e68df5630185c8cdfe4c81f5640285c4c1fe6c9da879238e82a3cd5864c15b22e76ecb597d15597397b3639791d560e2aac70561eb25591605e0eb25c05587ac555960ab0b15638b91917784a0c4cff0093a1ee8e206116fc990bd2c3346c6ccff2a50350200d43337c997ddff20ab58fd7b2d92f3bab0c5876686e4cf0196aeb8951b59dfdfb1698e2cd0016b6a08d3b5ddbdfb7b2c32e0ad9173b765acbe8aacb9cbd9b1cbc8eab071556382b0f592ac8b02f07592e02ac3d62aacb055858a82218b59f4876a75599a9eef92bc3e4af0f92bc3e4af0f92d2357ef5a67271a099fba8f92b58fd7b2d92f3bad120185a479ddb5a86a29a285787c95e1f25787c95e1f25a5c050bc8d3bbead2d453450ad9173b765b0be8b45171ad799c75a9777eea3e6af0f92bc3e4af0f92bc3e4a788a2d66d21de8d6676a7bbe6ab071556382b0f592ac8b02f07592e02ac3d629da876529b98c5342e4414bd3452cfb5700b35c02cd700b35c02cd700b35c02cd68afaf0c5146e2daff17777ecd264790a196272d527daf43b3f752b8059ae0166b8059ae0166b8059ae0166b4691a4186289c7589b6b52eefdd4f6694faf3452c6e4daff167675c02cd700b35c02cd700b35c02cd700b3511b19450c2e24743d3452efb13350ccac3d64ab22c0bc1d64b80ab0f58f8db0f592ac8b02f0714d2099b36c17766a29fd91350e511b8bbb7c362bc9e6af279abc9e6af279abc9e6af279abc9e6af279abc9e6af279abc9e6af279abc9e6af279abc9e6af279abc9e6af279abc9e6af279abc9e6af279abc9e6af279abc9e6af279abc9e6af279a16a18a5372766f86d52cd1881bb6c27667a68fdfc19fe28e516217fc9d5d8325760c95d8325760c95d8325760c95d8325760c95d8325760c95d8325760c95d8325760c95d8325760c95d8325760c95d8325760c95d8325760c95d8325760c95d8325760c95d8325760c95d8325760c907e18e216116fc9bff027ffd9, '2006-09-03', 'F', 20, '(69) 69696-9696', 'PIX', '89742398478');

--
-- Índices para tabelas despejadas
--

--
-- Índices de tabela `agenda_consulta`
--
ALTER TABLE `agenda_consulta`
  ADD PRIMARY KEY (`id`),
  ADD UNIQUE KEY `dataHorario_unica` (`data`,`horario`),
  ADD KEY `fk_codigoMedico_consulta` (`codigoMedico`),
  ADD KEY `fk_codigoPaciente_consulta` (`codigoPaciente`);

--
-- Índices de tabela `agenda_exame`
--
ALTER TABLE `agenda_exame`
  ADD PRIMARY KEY (`codigoAgendamento`),
  ADD UNIQUE KEY `dataHorario_unica` (`data`,`horario`),
  ADD KEY `fk_codigoMedico_exame` (`codigoMedico`),
  ADD KEY `fk_codigoExame_exame` (`codigoExame`),
  ADD KEY `fk_codigoPaciente_exame` (`codigoPaciente`);

--
-- Índices de tabela `endereco`
--
ALTER TABLE `endereco`
  ADD PRIMARY KEY (`id`);

--
-- Índices de tabela `especialidade`
--
ALTER TABLE `especialidade`
  ADD PRIMARY KEY (`id`);

--
-- Índices de tabela `exame`
--
ALTER TABLE `exame`
  ADD PRIMARY KEY (`id`);

--
-- Índices de tabela `medico`
--
ALTER TABLE `medico`
  ADD PRIMARY KEY (`crm`),
  ADD KEY `fk_codigoEspecialidade_medico` (`codigoEspecialidade`),
  ADD KEY `fk_codigoEndereco_medico` (`codigoEndereco`);

--
-- Índices de tabela `paciente`
--
ALTER TABLE `paciente`
  ADD PRIMARY KEY (`cpf`),
  ADD KEY `fk_codigoEndereco_paciente` (`codigoEndereco`);

--
-- AUTO_INCREMENT para tabelas despejadas
--

--
-- AUTO_INCREMENT de tabela `agenda_consulta`
--
ALTER TABLE `agenda_consulta`
  MODIFY `id` int(11) NOT NULL AUTO_INCREMENT, AUTO_INCREMENT=8;

--
-- AUTO_INCREMENT de tabela `agenda_exame`
--
ALTER TABLE `agenda_exame`
  MODIFY `codigoAgendamento` int(11) NOT NULL AUTO_INCREMENT, AUTO_INCREMENT=7;

--
-- AUTO_INCREMENT de tabela `endereco`
--
ALTER TABLE `endereco`
  MODIFY `id` int(11) NOT NULL AUTO_INCREMENT, AUTO_INCREMENT=36;

--
-- AUTO_INCREMENT de tabela `especialidade`
--
ALTER TABLE `especialidade`
  MODIFY `id` int(11) NOT NULL AUTO_INCREMENT, AUTO_INCREMENT=6;

--
-- AUTO_INCREMENT de tabela `exame`
--
ALTER TABLE `exame`
  MODIFY `id` int(11) NOT NULL AUTO_INCREMENT, AUTO_INCREMENT=6;

--
-- Restrições para tabelas despejadas
--

--
-- Restrições para tabelas `agenda_consulta`
--
ALTER TABLE `agenda_consulta`
  ADD CONSTRAINT `fk_codigoMedico_consulta` FOREIGN KEY (`codigoMedico`) REFERENCES `medico` (`crm`),
  ADD CONSTRAINT `fk_codigoPaciente_consulta` FOREIGN KEY (`codigoPaciente`) REFERENCES `paciente` (`cpf`);

--
-- Restrições para tabelas `agenda_exame`
--
ALTER TABLE `agenda_exame`
  ADD CONSTRAINT `fk_codigoExame_exame` FOREIGN KEY (`codigoExame`) REFERENCES `exame` (`id`),
  ADD CONSTRAINT `fk_codigoMedico_exame` FOREIGN KEY (`codigoMedico`) REFERENCES `medico` (`crm`),
  ADD CONSTRAINT `fk_codigoPaciente_exame` FOREIGN KEY (`codigoPaciente`) REFERENCES `paciente` (`cpf`);

--
-- Restrições para tabelas `medico`
--
ALTER TABLE `medico`
  ADD CONSTRAINT `fk_codigoEndereco_medico` FOREIGN KEY (`codigoEndereco`) REFERENCES `endereco` (`id`),
  ADD CONSTRAINT `fk_codigoEspecialidade_medico` FOREIGN KEY (`codigoEspecialidade`) REFERENCES `especialidade` (`id`);

--
-- Restrições para tabelas `paciente`
--
ALTER TABLE `paciente`
  ADD CONSTRAINT `fk_codigoEndereco_paciente` FOREIGN KEY (`codigoEndereco`) REFERENCES `endereco` (`id`);
COMMIT;

/*!40101 SET CHARACTER_SET_CLIENT=@OLD_CHARACTER_SET_CLIENT */;
/*!40101 SET CHARACTER_SET_RESULTS=@OLD_CHARACTER_SET_RESULTS */;
/*!40101 SET COLLATION_CONNECTION=@OLD_COLLATION_CONNECTION */;
